id,headword_id,word,sentence,answer,distractors
2,51,ability,His quick thinking and problem-solving ___ helped the team avoid a major setback.,ability,"{strategy,opinion,concern}"
3,64,able,"Despite the injury, he was ___ to finish the marathon with support from the medical staff.",able,"{eager,unwilling,reluctant}"
6,96,about,We were just talking ___ you—how did you know we were here?,about,"{to,with,for}"
8,111,abroad,She dreamed of studying ___ to experience new cultures and improve her language skills.,abroad,"{locally,remotely,intensively}"
17,170,abuse,"The investigation uncovered widespread ___ of power, with executives using company funds for personal gain.",abuse,"{delegation,transfer,exercise}"
19,192,academy,He trained at a prestigious military ___ before joining the armed forces.,academy,"{university,college,base}"
20,202,accelerate,"When the traffic light turned green, the driver pressed the pedal to ___ the car quickly.",accelerate,"{decelerate,maintain,steer}"
26,227,accessible,The new library was designed to be fully ___ for people with mobility challenges.,accessible,"{available,convenient,welcoming}"
35,276,account,"She gave a detailed ___ of the incident to the police, including the time and location.",account,"{opinion,theory,reason}"
40,296,accumulate,"Over time, dust tends to ___ on shelves and electronic devices if they are not cleaned regularly.",accumulate,"{settle,spread,circulate}"
43,303,accurate,"For the experiment to be valid, the measurements must be extremely ___ and free from error.",accurate,"{consistent,abundant,preliminary}"
46,311,accuse,The teacher decided to ___ the student of cheating after finding a crib sheet under the desk.,accuse,"{suspect,warn,clear}"
50,357,acid,"The chemist used litmus paper to test the liquid, which turned bright red, indicating it was a strong ___.",acid,"{base,solvent,salt}"
51,373,acknowledge,"In his speech, the CEO was sure to ___ the hard work of his employees, thanking them for their dedication.",acknowledge,"{reward,measure,criticize}"
52,395,acquire,The company hopes to ___ a smaller tech startup to expand its artificial intelligence capabilities.,acquire,"{merge with,partner with,invest in}"
54,403,acre,The family owns a 10-___ plot of land where they grow organic vegetables and raise livestock.,acre,"{hectare,kilometer,mile}"
55,423,across,"The old bridge stretches ___ the wide river, connecting the two towns.",across,"{along,beside,through}"
56,426,act,The senator will ___ on the proposed environmental legislation tomorrow morning.,act,"{agree,report,focus}"
62,447,activity,"The camp offers a wide range of outdoor ___ including hiking, kayaking, and rock climbing.",activities,"{locations,challenges,sceneries}"
68,483,adapt,New immigrants must often find ways to ___ their lifestyle to a new environment.,adapt,"{preserve,compare,explain}"
69,486,adaptation,"The film is a remarkable ___ of the classic novel, preserving its themes and characters.",adaptation,"{sequel,preface,translation}"
80,575,adjust,It took her a few weeks to ___ to the new time zone after her long flight to Asia.,adjust,"{resist,forget,ignore}"
81,579,adjustment,"After reviewing the quarterly sales data, we made a slight ___ to our forecast for the next year.",adjustment,"{resistance,assignment,disruption}"
90,624,adopt,Many couples choose to ___ a child when they are unable to have one biologically.,adopt,"{reject,abandon,sponsor}"
92,661,adult,"By the time she was an ___, she had already lived in three different countries.",adult,"{infant,toddler,teenager}"
101,706,advice,She gave me some valuable ___ on how to succeed in the job interview.,advice,"{opinion,command,story}"
102,709,advise,The doctor will ___ patients to reduce their sugar intake for better health.,advise,"{force,forbid,require}"
109,821,afford,"We couldn't ___ to miss the sale, so we bought the furniture as soon as it went on discount.",afford,"{decide,plan,choose}"
114,862,afternoon,"After finishing lunch around one o'clock, we spent the rest of the ___ relaxing by the pool.",afternoon,"{morning,evening,night}"
116,871,again,"He failed the test the first time, so he had to study hard and take it ___.",again,"{already,finally,instead}"
120,884,agency,The marketing ___ was hired to develop a national campaign for the new product launch.,agency,"{department,committee,foundation}"
121,885,agenda,The first item on the meeting's ___ is the approval of last month's minutes.,agenda,"{report,conclusion,summary}"
122,887,agent,The real estate ___ helped the couple find a home within their price range and location preference.,agent,"{landlord,tenant,buyer}"
123,907,aggression,"The dog's growling and bared teeth were clear signs of ___, which worried its owner.",aggression,"{affection,curiosity,hesitation}"
125,930,ago,He moved to this city several years ___ and has lived here ever since.,ago,"{before,beyond,away}"
134,996,aim,The archer took a deep breath and adjusted her stance before taking ___ at the target.,aim,"{focus,sight,center}"
135,1007,aircraft,"The airport handles every type of civilian ___, from small private planes to large passenger jets.",aircraft,"{vessel,automobile,satellite}"
136,1018,airline,The international ___ announced new flights to several Asian destinations next year.,airline,"{agency,service,network}"
137,1026,airport,"After arriving at the ___ two hours early, they checked their luggage and headed to security.",airport,"{station,harbor,hotel}"
138,1059,alarm,"The fire ___ sounded throughout the building, prompting an immediate evacuation.",alarm,"{signal,response,drill}"
141,1090,alcohol,The label warns that the hand sanitizer contains a high concentration of ___ and should not be ingested.,alcohol,"{lotion,soap,bleach}"
142,1093,alcoholic,He decided to join a support group after recognizing his long-term struggle with ___.,alcoholism,"{loneliness,insomnia,poverty}"
147,1148,alike,"The twins dress ___ and even speak with the same gestures, making it hard to tell them apart.",alike,"{formally,casually,differently}"
148,1158,alive,"Despite the harsh conditions, the hikers were found ___ after being missing for five days.",alive,"{hungry,cold,calm}"
154,1202,allocate,The government plans to ___ more funds to public education in the next fiscal year.,allocate,"{withhold,confiscate,borrow}"
160,1248,alone,"As the only inhabitant of the island, the castaway had to learn to live ___.",alone,"{cautiously,quietly,simply}"
181,1442,among,The rare artifact was discovered ___ a collection of old family heirlooms in the attic.,among,"{outside,beside,against}"
182,1455,amount,No ___ of persuasion could change her mind about the decision she had made.,amount,"{number,kind,reason}"
197,1689,animal,"He argued that humans are not separate from nature, but are simply another type of ___.",animal,"{machine,spirit,object}"
199,1730,anniversary,The couple celebrated their 25th wedding ___ with a romantic dinner at the same restaurant where they had their first date.,anniversary,"{birthday,holiday,reunion}"
200,1733,announce,The principal will ___ the winner of the science fair during tomorrow's assembly.,announce,"{interview,congratulate,question}"
201,1735,announcement,There was a loud ___ over the school intercom about the schedule change for Friday.,announcement,"{conversation,rumor,debate}"
209,1780,answer,The student raised her hand to provide the correct ___ to the teacher's question.,answer,"{opinion,comment,story}"
216,2021,anyone,"If ___ has a problem with the new policy, they should report it to management.",anyone,"{somewhere,no one,anyhow}"
219,2026,anywhere,Is there ___ we can go to talk privately without being overheard?,anywhere,"{somewhere,everywhere,nowhere}"
230,2118,appear,"As the morning fog began to lift, the vague shape of a ship started to ___ on the horizon.",appear,"{vanish,drift,sail}"
232,2140,appetite,"After hiking all morning, she developed a huge ___ and ate the entire sandwich in minutes.",appetite,"{headache,thirst,fatigue}"
240,2165,appointment,She checked her calendar and realized she had a dentist ___ scheduled for Thursday afternoon.,appointment,"{meeting,deadline,reminder}"
241,2178,appreciate,It's difficult to fully ___ the complexity of this piece of music without understanding the composer's intentions.,appreciate,"{criticize,perform,ignore}"
243,2191,approach,"As the hikers began to ___ the mountain's summit, the air grew thinner and colder.",approach,"{abandon,observe,descend}"
246,2204,approval,The new policy was implemented only after receiving full ___ from the board of directors.,approval,"{feedback,funding,criticism}"
249,2211,approximately,"The drive to the airport takes ___ thirty minutes, but you should allow more time during rush hour.",approximately,"{exactly,over,barely}"
268,2428,arrangement,The seating ___ at the conference made it easy for everyone to see the speaker.,arrangement,"{schedule,speech,topic}"
272,2446,arrive,We expect the package to ___ by Wednesday at the latest.,arrive,"{depart,travel,ship}"
274,2462,art,"She studied European ___ from the Renaissance to the modern period, focusing on painting and sculpture.",art,"{science,politics,religion}"
275,2494,article,He read an interesting ___ in the newspaper about the city's new recycling program.,article,"{headline,advertisement,photograph}"
284,2579,ask,"If you don't understand the instructions, you should ___ the teacher for clarification.",ask,"{tell,ignore,thank}"
286,2590,aspect,The polished gem's most stunning ___ was the way it reflected light from every facet.,aspect,"{price,origin,weight}"
301,2658,assistance,"Unable to lift the heavy box on his own, he asked a coworker for ___.",assistance,"{permission,an opinion,a reason}"
334,2938,aunt,"My mother's sister, my ___, is an incredible painter.",aunt,"{cousin,niece,grandmother}"
340,3028,automatic,"The new factory system is fully ___, operating on its own without needing constant human supervision.",automatic,"{mechanical,efficient,complex}"
346,3080,average,"While some days were hot and others cool, the ___ temperature for the month was a pleasant 72 degrees.",average,"{highest,lowest,record}"
349,3121,awake,"It was past midnight, but the strong coffee she drank earlier kept her wide ___.",awake,"{calm,tense,bored}"
351,3126,aware,"As she walked down the dark street, she suddenly became ___ of footsteps behind her.",aware,"{afraid,concerned,certain}"
353,3129,away,"After finishing college, she decided to move ___ from her hometown to a big city.",away,"{out,on,off}"
362,3263,bacon,"For breakfast, she likes to fry thin strips of salty ___ until they are brown and crispy.",bacon,"{sausage,ham,steak}"
367,3298,bag,He packed a sandwich and a bottle of water in his lunch ___ for work.,bag,"{box,basket,container}"
372,3347,ball,He threw the ___ against the wall and caught it as it bounced back.,ball,"{stone,book,shoe}"
373,3352,ballet,She put on her pointe shoes and tutu for her performance in the classic ___ 'The Nutcracker'.,ballet,"{opera,play,musical}"
378,3385,band,"The guitarist, drummer, and lead singer formed a rock ___ and began playing gigs in local clubs.",band,"{orchestra,company,choir}"
383,3457,bare,"She walked through the snow with ___ feet, regretting the decision immediately.",bare,"{warm,dry,shod}"
388,3526,base,"I spend a lot of time in Brussels, but London is still my ___.",base,"{foundation,basis,support}"
391,3535,basement,"To prevent flooding in the lowest part of the house, a special pump was installed in the ___.",basement,"{attic,roof,balcony}"
396,3552,basketball,He dribbled the ___ down the court before scoring a slam dunk.,basketball,"{soccer ball,volleyball,football}"
398,3569,bat,"Using echolocation to navigate in the dark, the nocturnal ___ swooped down to catch an insect.",bat,"{owl,eagle,moth}"
407,3640,beans,"For his chili recipe, he needed a can of red kidney ___ to add protein and flavor.",beans,"{pods,sprouts,kernels}"
411,3661,beat,"Despite their best efforts, the challengers were unable to ___ the reigning champions in the final match.",beat,"{join,assist,follow}"
416,3695,bed,"The hotel room was furnished with a dresser, a nightstand, and a comfortable king-size ___.",bed,"{chair,table,sofa}"
419,3731,beef,The steakhouse was famous for its aged ___ served with a side of roasted potatoes.,beef,"{pork,lamb,chicken}"
420,3741,beer,"The brewery specialized in crafting a hoppy India Pale Ale, a popular type of ___.",beer,"{wine,cider,liquor}"
428,3798,behind,He hid ___ the curtain so that no one would be able to see him.,behind,"{through,toward,upon}"
435,3856,below,"In the old sailing ship, the sailors' quarters were located ___ deck, away from the wind and rain.",below,"{over,across,beside}"
436,3857,belt,"His new pants were a little too loose, so he wore a leather ___ to keep them up.",belt,"{strap,scarf,tie}"
440,3873,beneath,The archeological team uncovered an ancient city that had been buried ___ layers of volcanic ash for centuries.,beneath,"{beside,through,beyond}"
446,3941,besides,"___ being a talented musician, she is also fluent in four languages.",Besides,"{Despite,Regarding,Unlike}"
450,3979,better,"She had been sick with the flu, but after a day of rest, she felt much ___.",better,"{worse,sicker,weaker}"
454,4039,bicycle,"For exercise, he pedaled his ___ up the steep hill, training for the upcoming race.",bicycle,"{scooter,moped,motorcycle}"
455,4042,bid,The company won the government contract after submitting the lowest ___ for the project.,bid,"{invoice,report,application}"
459,4107,billion,"The company's revenue was one thousand million, an amount more commonly referred to as one ___.",billion,"{million,thousand,trillion}"
466,4257,birth,The documentary captured the dramatic moment of the cub's ___ in stunning detail.,birth,"{death,journey,capture}"
468,4266,biscuit,"To go with his fried chicken, he ordered a side of flaky buttermilk ___, a classic Southern dish.",biscuit,"{breadstick,scone,roll}"
470,4276,bit,Could you move over just a little ___ so I have more room on the bench?,bit,"{space,section,part}"
478,4331,blanket,"As the evening grew cold, she pulled a warm wool ___ up to her chin.",blanket,"{pillow,mattress,curtain}"
490,4459,blow,He had to take a deep breath and ___ hard to extinguish all the candles on his birthday cake.,blow,"{spit,cough,yell}"
491,4468,blue,"After his best friend moved away, he felt ___ for weeks and lost interest in his usual hobbies.",blue,"{angry,annoyed,puzzled}"
494,4516,boat,We rented a small ___ to explore the hidden beaches along the coastline.,boat,"{bicycle,tent,car}"
500,4568,bomb,"During the war, the intelligence team discovered a hidden ___ in the city center.",bomb,"{monument,bunker,archive}"
503,4589,bone,"The X-ray clearly showed the fracture in his arm, revealing the broken ___.",bone,"{muscle,tendon,skin}"
509,4645,boot,"The system wouldn't start, so he used a special disk to ___ the computer from an external drive.",boot,"{charge,open,format}"
510,4662,border,The river forms a natural ___ between the two countries.,border,"{capital,park,center}"
513,4674,born,"Her passport states that she was ___ in a small coastal town, although she grew up in the city.",born,"{raised,schooled,settled}"
514,4680,borrow,Can I ___ your pen for a moment? I promise to return it after class.,borrow,"{steal,purchase,keep}"
516,4703,both,The movie was a success with critics and audiences alike; ___ groups gave it rave reviews.,both,"{Either,Neither,Every}"
518,4708,bottle,She carefully poured the homemade wine into a glass ___ and sealed it with a cork.,bottle,"{jug,flask,cup}"
521,4732,bound,The new law states that all companies are legally ___ to provide a safe working environment for their employees.,bound,"{advised,suggested,permitted}"
526,4773,boy,"The young ___ ran through the park, laughing as he chased after the soccer ball.",boy,"{girl,woman,gentleman}"
528,4807,brain,An MRI scan provides a detailed image of the physical structure of the human ___.,brain,"{mind,consciousness,thought}"
533,4865,bread,She sliced the warm loaf of ___ and spread butter on it for her sandwich.,bread,"{cake,pie,pastry}"
534,4872,break,He fell awkwardly during the soccer match and managed to ___ his arm.,break,"{bruise,sprain,strain}"
538,4887,breast,A mammogram is an X-ray picture used to screen for abnormalities in ___ tissue.,breast,"{chest,lung,muscle}"
543,4929,brick,The chimney was made of red ___ and contrasted sharply with the white walls of the house.,brick,"{stone,concrete,tile}"
550,4969,bring,"When you come over for dinner tonight, please ___ a dessert to share.",bring,"{make,buy,find}"
557,5054,brother,"My mother has two sons; I am the older one, and he is my younger ___.",brother,"{cousin,nephew,stepson}"
558,5062,brown,"The chocolate Labrador is a popular breed, known for its friendly nature and glossy, ___ coat.",brown,"{black,golden,spotted}"
560,5084,brush,She used a soft-bristled ___ to detangle her long hair without causing breakage.,brush,"{pick,razor,sponge}"
571,5151,building,"The fire code applies to every ___ in the city, from single-family homes to the tallest skyscrapers.",building,"{floor,room,address}"
575,5206,bunch,He bought a large ___ of bananas at the market to make smoothies for the week.,bunch,"{stalk,piece,group}"
583,5290,bush,The gardener trimmed the overgrown rose ___ to encourage new blooms.,bush,"{tree,vine,lawn}"
586,5319,busy,"She is too ___ to attend the meeting, as she is working on an urgent project.",busy,"{tired,unprepared,reluctant}"
589,5331,butter,"For baking the flaky croissants, the chef insisted on using only high-quality, cold ___.",butter,"{cheese,yogurt,milk}"
590,5341,button,She sewed the loose ___ back onto her coat before it fell off completely.,button,"{zipper,snap,buckle}"
591,5345,buy,We plan to ___ a new car once we've saved enough money from our monthly salaries.,buy,"{lease,borrow,repair}"
593,5357,bye,She waved and said '___!' before closing the door and heading off to school.,bye,"{farewell,cheers,welcome}"
598,5447,cake,She carefully sliced the multi-layered ___ and served a piece to each of the wedding guests.,cake,"{bread,quiche,casserole}"
599,5471,calculate,"Using the receipts and a spreadsheet, he needed to ___ his total expenses for the business trip to get reimbursed.",calculate,"{review,approve,report}"
604,5522,calm,"Despite the storm, the captain remained ___ and guided the ship safely to port.",calm,"{silent,stern,alert}"
605,5563,camera,She adjusted the settings on her digital ___ before photographing the rare bird.,camera,"{tripod,lens,printer}"
607,5571,campaign,The politician launched an intensive advertising ___ to gain more support before the election.,campaign,"{policy,debate,slogan}"
611,5594,canal,"Tourists enjoyed a slow boat ride along the scenic ___, passing under historic bridges as they went.",canal,"{river,stream,highway}"
613,5612,candidate,"The hiring committee interviewed three strong ___ for the position, each with impressive qualifications.",candidates,"{employees,managers,interns}"
621,5701,capital,"To start their new business, they needed to raise a significant amount of ___ to cover initial costs.",capital,"{profit,revenue,salary}"
629,5819,care,The nurses showed great ___ and compassion while tending to the elderly patient.,care,"{skill,patience,knowledge}"
631,5825,careful,You need to be ___ when handling this delicate glass sculpture—it could shatter easily.,careful,"{strong,creative,confident}"
633,5829,careless,The ___ driver ran the red light and caused a serious accident at the intersection.,careless,"{impatient,distracted,aggressive}"
636,5898,carriage,"The royal ___ arrived at the cathedral, drawn by two white horses and decorated with flowers.",carriage,"{wagon,chariot,automobile}"
637,5903,carrot,The snowman's nose was made from a bright orange ___.,carrot,"{pebble,button,twig}"
638,5837,carry,Please make sure to ___ your identification card with you when attending the conference.,carry,"{show,present,display}"
640,5925,carve,The artist began to ___ a detailed figure of a bird from the single block of wood.,carve,"{chop,break,paint}"
642,5941,cash,He preferred to pay with ___ instead of a credit card to avoid digital tracking.,cash,"{check,barter,invoice}"
644,5956,cast,"After she broke her arm, the doctor put her arm in a ___ to help it heal.",cast,"{splint,bandage,sling}"
645,5965,castle,"Perched on the hilltop, the ancient ___ dominated the surrounding countryside with its stone towers.",castle,"{cathedral,monastery,mansion}"
646,5971,casual,"They met for a ___ coffee after work, discussing weekend plans without any formal agenda.",casual,"{quick,friendly,quiet}"
649,5986,catalogue,She browsed the mail-order ___ to choose new furniture for her living room.,catalogue,"{magazine,flyer,inventory}"
650,6003,catch,"He threw the ball so fast that she couldn't ___ it, and it slipped right through her fingers.",catch,"{see,reach,follow}"
652,6026,cater,The new restaurant aims to ___ to vegan diners by offering a wide selection of plant-based meals.,cater,"{attract,serve,satisfy}"
653,6051,cattle,"The dairy farm was famous for its herd of Holstein ___, which produced thousands of gallons of milk each day.",cattle,"{goats,sheep,livestock}"
654,6070,cause,The investigation revealed that a faulty wire was the main ___ of the fire.,cause,"{evidence,detail,origin}"
655,6078,caution,"Drivers are advised to proceed with ___ on icy roads, especially during winter storms.",caution,"{speed,skill,patience}"
656,6080,cautious,"She was ___ about sharing her personal information online, knowing the risks involved.",cautious,"{reluctant,selective,aware}"
657,6086,cave,Explorers discovered ancient paintings deep inside the ___ that had been sealed for centuries.,cave,"{tomb,mine,tunnel}"
666,6183,cent,He found a lonely ___ on the sidewalk and picked it up for good luck.,cent,"{pebble,button,bead}"
669,6215,centre,The shopping ___ in the downtown area attracts thousands of visitors each weekend.,centre,"{plaza,alley,garage}"
673,6264,certain,He had to meet ___ requirements before he could graduate.,certain,"{vague,optional,flexible}"
686,6344,change,The company decided to ___ its logo to reflect a more modern and sustainable image.,change,"{preserve,highlight,restore}"
705,6468,cheek,A single tear rolled down her ___ as she watched the sad ending of the movie.,cheek,"{chin,forehead,eyelid}"
709,6487,chef,"Wearing a tall white hat, the head ___ expertly chopped vegetables with incredible speed and precision.",chef,"{waiter,manager,host}"
710,6490,chemical,The cleaning product contains a ___ that may irritate sensitive skin.,chemical,"{mineral,vitamin,nutrient}"
712,6495,chemistry,The two actors had such great ___ on screen that viewers believed they were a real couple.,chemistry,"{similarity,history,dialogue}"
716,6546,chicken,The farmer collected fresh eggs after the ___ finished laying them in the coop.,chicken,"{rooster,pig,cow}"
718,6560,child,The playground was full of laughter as each ___ took a turn on the new slide.,child,"{adult,parent,teacher}"
723,6656,choir,The harmonies of the singers in the school ___ filled the auditorium during the holiday concert.,choir,"{band,orchestra,class}"
730,6819,cigarette,"He stepped outside to smoke a single ___, holding it between his index and middle fingers.",cigarette,"{cigar,pipe,hookah}"
731,6840,cinema,The new multiplex ___ features ten screens with state-of-the-art sound systems for an immersive movie experience.,cinema,"{stadium,gallery,arena}"
733,6861,circuit,"An overloaded ___ caused the power outage, so the electrician had to reset the breaker for the entire kitchen.",circuit,"{appliance,generator,transformer}"
734,6867,circulate,The teacher asked the students to ___ the petition among their classmates to gather support for the school event.,circulate,"{compose,sign,approve}"
736,6898,circumstance,"The detective explained that the unusual ___ of the case, including the lack of witnesses, made it difficult to solve.",circumstance,"{conclusion,motive,evidence}"
742,6941,civil,"Despite their heated disagreement, the two politicians managed to keep the debate ___ and focused on the issues.",civil,"{formal,private,emotional}"
749,7003,class,The teacher quieted the ___ before starting the day's lesson.,class,"{faculty,staff,principal}"
750,7004,classic,"Though written over a century ago, the novel remains a ___ of children's literature, beloved by each new generation.",classic,"{bestseller,fad,novelty}"
751,7005,classical,"The architect's design was inspired by ___ antiquity, featuring columns, arches, and symmetrical layouts reminiscent of ancient Greece and Rome.",classical,"{modern,gothic,futuristic}"
753,7016,classify,"Biologists ___ organisms into a hierarchical system of kingdom, phylum, class, order, family, genus, and species.",classify,"{observe,gather,examine}"
756,7039,clean,"After scrubbing the floors and dusting the furniture, the entire house was finally ___.",clean,"{ready,new,bright}"
763,7082,click,I heard the ___ of the camera's shutter just as the bird took flight.,click,"{snap,whirr,beep}"
767,7097,climb,The mountaineers began their final ___ to the summit just before dawn to avoid afternoon storms.,climb,"{descent,expedition,pause}"
769,7107,clinic,"The small town has a community health ___ for non-emergency issues, but patients with serious injuries are sent to the large hospital in the city.",clinic,"{office,pharmacy,laboratory}"
778,7164,cloth,The tailor measured and cut the patterned ___ that would soon become a custom-made shirt.,cloth,"{garment,thread,design}"
780,7172,clothing,"When packing for the trip, she made sure to include ___ suitable for both warm days and cool evenings.",clothing,"{supplies,luggage,essentials}"
785,7221,coach,The ___ designed new plays and called timeouts during the championship game.,coach,"{player,manager,sponsor}"
786,7241,coal,"Miners worked deep underground to extract the black, carbon-rich ___ that was used to heat homes and power plants.",coal,"{iron,stone,diamond}"
790,7264,coat,"The dog's thick, furry ___ keeps him warm during the winter months.",coat,"{skin,shell,pelt}"
795,7384,coin,"He flipped a ___ to decide who would go first, calling 'heads' as it spun in the air.",coin,"{card,die,button}"
798,7400,cold,"With a runny nose, a sore throat, and constant sneezing, she knew she had caught a ___.",cold,"{virus,fever,chill}"
802,7430,collar,He loosened the top button of his shirt because his ___ was too tight around his neck.,collar,"{sleeve,cuff,lapel}"
805,7445,collection,My little brother has a huge ___ of toy cars that takes up an entire shelf in his room.,collection,"{container,purchase,arrangement}"
808,7453,college,He applied to several ___ with strong engineering programs before deciding on his final choice.,colleges,"{internships,companies,high schools}"
820,7561,come,Please ___ to my office after the meeting to discuss the new project proposal.,come,"{go,send,return}"
823,7575,comfortable,He chose the plush armchair because it was far more ___ than his old wooden chair.,comfortable,"{stylish,valuable,rigid}"
837,7641,committee,The school formed a parent-teacher ___ to plan the annual fundraising event.,committee,"{audience,squad,clientele}"
843,7675,communist,"The party's platform advocated for a ___ state, where all property would be owned collectively by the community.",communist,"{federal,theocratic,industrial}"
846,7698,company,He enjoyed the ___ of his old friends during the weekend reunion at the cabin.,company,"{advice,stories,disagreement}"
849,7705,compare,"Before buying a new phone, it's wise to ___ different models based on features and price.",compare,"{choose,purchase,combine}"
859,7740,competition,The two rival companies are in fierce ___ to capture the largest market share.,competition,"{collaboration,discussion,agreement}"
869,7769,complex,The engine is a ___ piece of machinery with hundreds of interconnected moving parts.,complex,"{reliable,powerful,small}"
875,7789,component,One crucial ___ of a healthy diet is adequate fiber intake.,component,"{benefit,result,goal}"
878,7799,composition,The orchestra performed a beautiful new ___ that featured a soaring violin solo.,composition,"{instrument,performance,technique}"
882,7821,compromise,"Since they couldn't agree on a destination, they reached a ___ and decided to go to a place halfway between both their suggestions.",compromise,"{disagreement,decision,conclusion}"
885,7837,computer,She used the powerful desktop ___ to run complex simulations for her research.,computer,"{projector,modem,printer}"
902,7951,condition,The old book was in poor ___ and required extensive restoration before being displayed.,condition,"{location,chapter,cover}"
903,7970,conduct,The orchestra director used a baton to ___ the musicians through the complex symphony.,conduct,"{persuade,applaud,compose}"
905,7997,conference,The company held a press ___ to announce its quarterly earnings and answer questions from journalists.,conference,"{party,rehearsal,interview}"
912,8025,confirm,You will receive an email with your booking details; please click the link within 24 hours to ___ your reservation.,confirm,"{change,request,delete}"
922,8089,congratulation,He received a card filled with warm ___ from his entire team after his promotion.,congratulations,"{apologies,reminders,criticisms}"
933,8184,consensus,"The goal of the meeting is to reach a ___, meaning that everyone in the group must agree on the final plan.",consensus,"{compromise,verdict,statement}"
935,8189,consequence,One major ___ of desertification is the loss of fertile land for agriculture.,consequence,"{cause,component,prevention}"
944,8216,consist,"The committee meeting agenda will ___ of three main topics: budget, staffing, and policy changes.",consist,"{speak,warn,remind}"
1022,8623,corner,"The small café is just around the ___ from the main square, hidden from the tourist crowds.",corner,"{bend,curve,edge}"
1048,8797,counter,She placed her bag on the ___ while waiting to order coffee at the bustling café.,counter,"{table,ledge,bench}"
1051,8853,country,"Japan is an island ___ in East Asia known for its temples, gardens, and advanced technology.",country,"{continent,peninsula,state}"
1057,8870,course,She enrolled in a year-long ___ on environmental science at the local university.,course,"{seminar,program,workshop}"
1058,8875,court,The judge dismissed the case after both parties reached a settlement before appearing in ___.,court,"{chamber,tribunal,office}"
1060,8886,cousin,"My aunt's son, who is my favorite ___, is coming to visit next week.",cousin,"{uncle,brother,nephew}"
1061,8896,cover,The journalist was sent abroad to ___ the developing political crisis for the major news outlet.,cover,"{observe,analyze,influence}"
1067,8991,crash,The driver fell asleep at the wheel and ___ into the guardrail on the highway.,crashed,"{swerved,drove,veered}"
1069,9009,crazy,"After winning the lottery, he went ___ with excitement and started dancing in the street.",crazy,"{speechless,wild,numb}"
1070,9014,cream,She added a dollop of whipped ___ to the top of her hot chocolate.,cream,"{frosting,foam,yogurt}"
1071,9018,create,The artist used recycled materials to ___ a sculpture for the public park.,create,"{assemble,design,construct}"
1076,9031,creature,The remote forest is said to be home to a mysterious ___ rarely seen by humans.,creature,"{spirit,organism,phantom}"
1079,9039,credit,She earned full ___ for the project's success due to her innovative leadership and hard work.,credit,"{recognition,praise,approval}"
1081,9083,crew,The film's director worked closely with the camera ___ to achieve the perfect shot.,crew,"{cast,staff,team}"
1082,9091,crime,The detective spent years investigating the high-profile ___ that shocked the entire city.,crime,"{incident,case,mystery}"
1083,9092,criminal,The police finally captured the ___ who had been on the run for weeks.,criminal,"{witness,victim,detective}"
1092,9151,crop,Farmers harvested an abundant ___ of wheat after the rainy season ended.,crop,"{yield,harvest,supply}"
1095,9197,crowded,The subway car was so ___ during rush hour that I had to stand for over twenty minutes.,crowded,"{packed,stuffy,uncomfortable}"
1099,9218,cruel,It was ___ of him to mock the injured bird instead of helping it or at least leaving it in peace.,cruel,"{careless,childish,thoughtless}"
1108,9324,culture,"Japanese ___ emphasizes respect, discipline, and harmony in both personal and professional settings.",culture,"{society,tradition,philosophy}"
1113,9370,curious,"Leaning closer to examine its brightly colored wings, the child gave a ___ glance at the strange-looking insect.",curious,"{bored,frightened,disgusted}"
1115,9379,currency,"Before traveling to Japan, we exchanged our US dollars for Japanese yen, the local ___.",currency,"{tender,rate,coin}"
1119,9399,curtain,"When the ___ rose, the audience saw a dazzling set decorated like an enchanted forest.",curtain,"{screen,backdrop,scenery}"
1130,9556,dad,"For Father's Day, my sister and I bought ___ a new watch.",Dad,"{Coach,Uncle,Teacher}"
1133,9568,daily,"To improve her health, she made it a ___ habit to go for a run every single morning.",daily,"{weekly,occasional,rare}"
1136,9579,damage,"The storm caused significant ___ to homes, uprooting trees and tearing off roofs.",damage,"{disruption,harm,trouble}"
1138,1581,dance,They decided to ___ under the stars at their outdoor wedding reception.,dance,"{mingle,socialize,celebrate}"
1141,9612,danger,The hikers were warned about the ___ of encountering wild animals on the trail at night.,danger,"{risk,possibility,chance}"
1142,9613,dangerous,It is extremely ___ to swim in this river during heavy rains due to the strong currents.,dangerous,"{difficult,unwise,challenging}"
1145,9637,darkness,"As he realized the devastating truth, a sense of ___ washed over him, extinguishing all hope.",darkness,"{panic,anger,confusion}"
1149,9662,date,They went on a romantic ___ to the seaside restaurant last Saturday night.,date,"{outing,gathering,engagement}"
1150,9670,daughter,The father proudly walked his ___ down the aisle on her wedding day.,daughter,"{niece,cousin,friend}"
1153,9702,dead,The flowers left in the sun too long soon became ___ and brittle.,dead,"{dry,wilted,faded}"
1154,9707,deadline,She worked through the night to meet the ___ for her article submission.,deadline,"{opportunity,requirement,session}"
1157,9717,deal,"After hours of negotiation, the two companies finally struck a ___ that was mutually beneficial.",deal,"{conversation,disagreement,proposal}"
1161,9740,debate,The two candidates engaged in a heated ___ over economic policy during the live broadcast.,debate,"{conflict,agreement,interview}"
1176,9901,decoration,"The Christmas tree was covered with handmade ornaments, each a unique work of ___.",decoration,"{construction,assembly,utility}"
1177,9912,decrease,"To improve air quality, the city implemented policies aimed at a significant ___ in vehicle emissions.",decrease,"{increase,variation,assessment}"
1198,10067,degree,She earned her master's ___ in environmental science from a prestigious university.,degree,"{certificate,title,diploma}"
1199,10092,delay,"Due to unexpected technical issues, the airline had to ___ the flight by two hours.",delay,"{cancel,board,announce}"
1221,10282,dentist,"After experiencing tooth pain, she scheduled an appointment with her ___ for a check-up.",dentist,"{physician,surgeon,cardiologist}"
1224,10309,department,She works in the marketing ___ of a large international corporation.,department,"{committee,subsidiary,project}"
1226,10315,depend,The success of the expedition may ___ on favorable weather conditions in the mountains.,depend,"{insist,focus,comment}"
1232,10351,deposit,"To open the new savings account, you are required to ___ a minimum of one hundred dollars.",deposit,"{withdraw,invest,transfer}"
1242,10451,describe,Can you ___ the suspect's appearance to the police officer so they can create an accurate sketch?,describe,"{imagine,justify,predict}"
1280,10711,diagram,The instructor projected a detailed ___ of the human heart to explain its chambers and valves.,diagram,"{photograph,sculpture,report}"
1281,10723,dialogue,The peace talks emphasized the importance of open ___ between the two conflicting nations.,dialogue,"{ultimatum,monologue,surrender}"
1298,10896,dilemma,She faced the moral ___ of whether to report her friend's misconduct or keep silent.,dilemma,"{agreement,solution,command}"
1299,10909,dimension,The documentary added a new ___ to our understanding of the historical event by including personal testimonies.,dimension,"{question,error,conclusion}"
1301,10944,dinner,They invited their neighbors over for ___ to celebrate the end of the renovation.,dinner,"{breakfast,lunch,meeting}"
1302,10959,dip,"He watched the sun ___ below the horizon, casting long shadows across the valley.",dip,"{rise,shine,vanish}"
1312,11003,disability,"Because of his physical ___, he qualified for accommodations under the Americans with Disabilities Act.",disability,"{hardship,inconvenience,trait}"
1314,11009,disadvantage,"His lack of experience was a clear ___ compared to the other, more qualified job applicants.",disadvantage,"{benefit,quality,decision}"
1336,11143,discrimination,"Despite company policies, instances of racial ___ in hiring practices continue to be a serious concern.",discrimination,"{harassment,hostility,diversity}"
1339,11156,disease,The World Health Organization is monitoring the outbreak of a rare tropical ___ spread by mosquito bites.,disease,"{vaccine,cure,parasite}"
1340,11196,disgusting,"The smell from the spoiled milk in the trash was absolutely ___, causing everyone to cover their noses.",disgusting,"{pleasant,faint,sweet}"
1379,11580,doctor,The ___ recommended physical therapy to help with the patient's back pain.,doctor,"{pharmacist,therapist,trainer}"
1384,11608,dog,The mail carrier was wary of the loud ___ that barked at him every day from behind the fence.,dog,"{cat,bird,squirrel}"
1385,11639,dollar,He found a crumpled one-___ bill in the pocket of his old coat.,dollar,"{coin,cent,quarter}"
1396,11740,dot,"To finish the lowercase letter 'i', she carefully placed a single ___ above the vertical stroke.",dot,"{circle,mark,line}"
1397,11749,double,"The recipe called for a ___ portion of cream, which made the soup especially rich.",double,"{single,small,reduced}"
1398,11754,doubt,"She answered the question without ___, clearly confident in her knowledge.",doubt,"{preparation,permission,enthusiasm}"
1401,11799,downstairs,"From his bedroom on the second floor, he could hear the television blaring from the living room ___.",downstairs,"{outside,upstairs,across}"
1402,11802,downtown,"We decided to go ___ for dinner and a movie, parking near the main square.",downtown,"{abroad,away,indoors}"
1413,11876,drawing,"The child's colorful ___ of her family, made with crayons on a large sheet of paper, was hung on the refrigerator.",drawing,"{story,song,poem}"
1415,11904,dress,"Before the important gala, she took over an hour to shower, do her hair, and ___ for the event.",dress,"{wear,prepare,change}"
1420,11936,driver,The truck ___ received a bonus for delivering the goods to the warehouse ahead of schedule.,driver,"{passenger,mechanic,pilot}"
1443,12189,each,The teacher gave a textbook to ___ student in the class so everyone could follow along.,each,"{any,another,one}"
1464,12367,edition,The latest ___ of the encyclopedia includes updated entries on climate change and artificial intelligence.,edition,"{review,summary,illustration}"
1469,12379,education,Access to quality ___ is widely recognized as a fundamental human right and a driver of social progress.,education,"{instruction,information,commerce}"
1471,12386,educator,"As a respected ___ with over 20 years of experience, she was invited to speak at the national teaching conference.",educator,"{researcher,administrator,consultant}"
1472,12396,effect,"The new policy had an immediate ___ on workplace safety, reducing accidents by nearly 40%.",effect,"{purpose,cost,review}"
1484,12481,eighty,"The antique table, built in the early 1940s, was now nearly ___-years-old.",eighty,"{sixty,seventy,ninety}"
1494,12533,electricity,"After the storm, the entire neighborhood was without ___ for over 48 hours.",electricity,"{water,internet,gas}"
1495,12561,electronic,"Most documents are now submitted through ___ systems, reducing the need for paper forms.",electronic,"{automatic,mechanical,manual}"
1497,12584,elegant,The bride wore an ___ gown with lace detailing that captivated everyone at the ceremony.,elegant,"{ordinary,baggy,practical}"
1503,12607,eleven,"The bakery box was supposed to hold a full dozen donuts, but since one was missing, there were only ___.",eleven,"{twelve,ten,six}"
1507,12650,else,I've checked the kitchen and the living room; where ___ could the keys possibly be?,else,"{again,still,even}"
1514,12692,embassy,"While visiting Germany's capital, the American citizens went to their country's ___ to renew their passports.",embassy,"{monument,university,corporation}"
1542,12918,end,They walked to the far ___ of the beach to find a quiet spot away from the crowds.,end,"{center,middle,surface}"
1558,13037,engineer,The mechanical ___ developed a more fuel-efficient jet propulsion system.,engineer,"{designer,technician,pilot}"
1563,13099,enough,"She had ___ time to finish the exam, so she didn't need to rush.",enough,"{insufficient,limited,minimal}"
1570,13137,enter,Students must ___ their student ID numbers to access the online exam platform.,enter,"{create,forget,recite}"
1584,13211,entry,"His name was not on the guest list, so the security guard denied him ___ to the event.",entry,"{participation,recognition,an invitation}"
1590,13335,equal,"All citizens should have ___ rights under the law, regardless of their background.",equal,"{different,separate,provisional}"
1591,13342,equality,The organization's mission is to promote ___ by fighting discrimination in all forms.,equality,"{justice,harmony,tolerance}"
1595,13365,equipment,The new gym has state-of-the-art training ___ for both cardio and weightlifting.,equipment,"{facilities,programs,memberships}"
1604,13513,essay,"For her literature class, she wrote a personal ___ reflecting on the themes of solitude in the novel.",essay,"{summary,review,chapter}"
1625,13717,every,___ student in the class must submit a research paper by Friday.,every,"{another,one,that}"
1626,13718,everybody,The show was a huge success; ___ was laughing at the comedian's jokes.,everybody,"{somebody,anybody,nobody}"
1634,13737,evolution,The gradual development of complex organisms from simpler ones over millions of years is known as ___.,evolution,"{adaptation,mutation,extinction}"
1640,13766,exam,"Students organized their calculators and sharpened their pencils, preparing for the final ___ of the semester.",exam,"{lecture,seminar,workshop}"
1642,13770,examine,The customs officer asked to ___ the contents of the suitcase for any prohibited items.,examine,"{view,glance at,repack}"
1643,3768,example,The teacher pointed to a perfectly structured paragraph as an ___ of what students should aim for.,example,"{order,effort,idea}"
1647,13793,except,Everyone in the class passed the test ___ one student who was absent.,except,"{unless,including,regarding}"
1660,13861,excuse,She tried to ___ her absence by blaming it on a sudden family emergency.,excuse,"{announce,confirm,report}"
1664,13884,exercise,"To build muscle and improve cardiovascular health, doctors recommend regular ___.",exercise,"{rest,diet,stretching}"
1669,13929,exist,"Despite centuries of folklore, there is no scientific proof that ghosts actually ___.",exist,"{haunt,appear,vanish}"
1682,14019,expensive,"Given the high-end materials and craftsmanship, the custom-made furniture was quite ___.",expensive,"{functional,heavy,unique}"
1683,14020,experience,Working abroad gave her valuable ___ that helped her grow both personally and professionally.,experience,"{compensation,instructions,colleagues}"
1685,14023,experiment,"In science class, students will conduct an ___ to test how different soils affect seed germination.",experiment,"{discussion,lecture,report}"
1690,14040,explain,The teacher asked the student to ___ why the experiment produced unexpected results.,explain,"{repeat,confirm,question}"
1691,14042,explanation,His sudden departure lacked any ___ and left his colleagues confused and concerned.,explanation,"{ceremony,compensation,preparation}"
1692,14051,explicit,The instructions were so ___ that even a beginner could assemble the furniture without help.,explicit,"{technical,lengthy,official}"
1698,14064,explore,"During their trip to the remote island, scientists set out to ___ the unique local wildlife.",explore,"{create,ignore,contain}"
1702,14082,expose,The investigative journalist aimed to ___ the company's illegal dumping by publishing internal documents.,expose,"{investigate,document,question}"
1704,14093,express,Please ___ your opinion clearly during the meeting so everyone understands your concerns.,express,"{defend,question,formulate}"
1705,14097,expression,Her face wore an ___ of pure joy when she saw the surprise waiting for her.,expression,"{appearance,mask,feature}"
1707,14134,extension,He filed for a six-month ___ on his visa to continue working on the research project.,extension,"{approval,review,inquiry}"
1714,14195,extraordinary,"The pianist's ___ talent was evident from the moment she began to play, captivating the entire audience.",extraordinary,"{developing,practiced,consistent}"
1715,14219,extreme,"Climbers preparing to scale Mount Everest must be trained for ___ weather conditions, including blizzards and high winds.",extreme,"{damp,frigid,windy}"
1716,14220,extremely,"The exam was ___ difficult, and many students were unable to finish within the time limit.",extremely,"{moderately,somewhat,partially}"
1721,14291,face,She decided to ___ the challenge head-on rather than avoid the difficult conversation.,face,"{consider,discuss,evaluate}"
1729,14339,fade,"The photograph began to ___ after years of exposure to sunlight, losing its vibrant colors.",fade,"{peel,crack,stain}"
1730,14348,fail,"Despite his best efforts, he was devastated to ___ the final exam by just one point.",fail,"{retake,question,postpone}"
1732,14352,failure,"After the startup's collapse, many cited poor management as the primary cause of its ___.",failure,"{debt,problems,competition}"
1736,14369,faith,She kept her ___ in the team even when the project faced major setbacks.,faith,"{investment,position,role}"
1738,14385,fall,Stock prices are expected to ___ sharply if the company reports poor earnings.,fall,"{trade,shift,close}"
1739,14399,false,He was fired for making a ___ accusation against his coworker.,false,"{public,formal,loud}"
1741,14413,familiar,"The tune was ___ to everyone in the room, evoking memories of childhood.",familiar,"{pleasant,annoying,catchy}"
1742,14420,family,Her parents and siblings all gathered at the house; she loved spending the holidays with her ___.,family,"{colleagues,neighbors,tourists}"
1745,14438,fancy,"She wore a ___ dress covered in sequins to the gala, turning heads as she walked in.",fancy,"{new,blue,long}"
1746,14451,fantastic,The magician's performance was so ___ that the audience was left wondering how any of it was possible.,fantastic,"{skillful,clever,complex}"
1747,14455,fantasy,The novel is a work of ___ that transports readers to a world filled with dragons and wizards.,fantasy,"{realism,satire,mystery}"
1748,14459,far,The hikers realized the map was wrong and the cabin was ___ away than they had thought.,farther,"{higher,sooner,straighter}"
1757,14504,fasten,Please ___ your seatbelt before the plane takes off to ensure your safety.,fasten,"{check,adjust,tighten}"
1758,14514,fat,A diet that is high in saturated ___ can lead to elevated cholesterol levels.,fat,"{protein,fiber,sugar}"
1761,14526,father,"As the male parent and head of the household, his ___ set an example of integrity and hard work.",father,"{brother,teacher,friend}"
1763,14574,favour,She asked her colleague a small ___ by requesting help with a difficult report.,favour,"{question,task,promise}"
1776,14648,feel,I can ___ the vibrations of the music even when the volume is low.,feel,"{see,smell,taste}"
1777,14650,feeling,"Despite her calm expression, she couldn’t hide her ___ of disappointment when she didn't get the job.",feeling,"{reason,memory,thought}"
1778,14669,fellow,She was named a ___ of the Royal Society in recognition of her scientific contributions.,fellow,"{director,president,assistant}"
1781,14689,fence,The children scrambled over the wooden ___ to get into the abandoned lot on the other side.,fence,"{path,ditch,hedge}"
1782,14740,festival,"Every summer, the town hosts a music ___ that draws thousands of visitors and performers.",festival,"{conference,parade,exhibition}"
1785,14767,few,"___ of her colleagues offered to help, which left her feeling disappointed and unsupported.",few,"{none,some,all}"
1788,14832,field,The researchers are experts in the ___ of artificial intelligence and machine learning.,field,"{department,laboratory,system}"
1789,14839,fierce,The debate turned ___ when both candidates began strongly defending their controversial policies.,fierce,"{long,formal,public}"
1790,14845,fifteen,"The team has eleven players on the field and four on the bench, for a total of ___.",fifteen,"{fourteen,sixteen,fifty}"
1791,14847,fifth,"He had already failed the test four times, so this was his ___ attempt.",fifth,"{fourth,first,final}"
1792,14849,fifty,"The final count was just over forty-nine thousand dollars, almost reaching their goal of ___ thousand.",fifty,"{five,fifteen,forty}"
1796,14874,file,Please ___ your tax return by the April 15th deadline to avoid penalties.,file,"{prepare,print,sign}"
1810,14969,fire,The campers gathered wood and built a small ___ to keep warm as night fell.,fire,"{stove,heater,lamp}"
1818,15014,fish,"He cast his line into the river, hoping to catch a large ___ for dinner.",fish,"{crab,lobster,shrimp}"
1820,15039,fit,"He tried on the jacket, but the sleeves were too long to ___ him properly.",fit,"{wrap,match,cover}"
1822,15048,five,"A standard work week for many people consists of ___ days, from Monday to Friday.",five,"{two,seven,ten}"
1826,15075,flag,"During the parade, each country's representative carried their national ___.",flag,"{uniform,anthem,symbol}"
1828,15111,flash,"There was a sudden ___ of lightning, followed by a loud clap of thunder.",flash,"{flicker,glow,gleam}"
1829,15123,flat,"The car was pulling to one side, and when we checked, we saw one tire had gone ___.",flat,"{hard,cold,dark}"
1835,15184,flesh,"The ripe mango was so sweet and juicy, with bright orange ___.",flesh,"{skin,seed,juice}"
1842,15278,flour,"To make the bread, she first mixed ___ with water and yeast to form a sticky dough.",flour,"{sugar,salt,oil}"
1844,15285,flow,"The poet described the river's ___ as calm and uninterrupted, like the passage of time.",flow,"{surface,current,depth}"
1846,15298,flu,"He stayed home from work with a high fever, body aches, and chills—clear symptoms of the ___.",flu,"{cold,allergy,infection}"
1850,15369,focus,"The photographer adjusted the lens to ___ on the distant mountain peak, ensuring the image would be sharp and clear.",focus,"{center,gaze,aim}"
1861,15442,football,"The quarterback threw a perfect spiral pass to the receiver, helping his ___ team score the winning touchdown.",football,"{basketball,baseball,hockey}"
1863,15487,forbid,School regulations ___ the use of mobile phones in the classroom to prevent distractions.,forbid,"{encourage,regulate,permit}"
1864,15491,force,"Even though the lock was rusted shut, he managed to ___ the old chest open.",force,"{nudge,ease,slide}"
1868,15552,forest,"The vast ___ was filled with towering pine and oak trees, and was home to a rare species of owl.",forest,"{garden,field,canyon}"
1869,15563,forever,They promised to love each other ___ during their wedding ceremony.,forever,"{briefly,sometimes,conditionally}"
1885,15643,fortnight,"Our vacation will last a ___, which gives us exactly fourteen days to see everything.",fortnight,"{decade,weekend,month}"
1888,15650,fortune,"After selling his company, the entrepreneur amassed a vast ___ that allowed him to retire at a young age.",fortune,"{salary,budget,debt}"
1889,15651,forty,"She has been working at the company for four decades, which means she is celebrating her ___ year of service.",forty,"{fourth,fourteen,fiftieth}"
1897,15687,four,"The car can seat two people in the front and two in the back, for a total of ___ passengers.",four,"{three,five,six}"
1898,15690,fourteen,"He is two years younger than his sixteen-year-old sister, which means he is ___.",fourteen,"{twelve,fifteen,eighteen}"
1904,15729,framework,The scientist developed a theoretical ___ to explain the complex interactions within ecosystems.,framework,"{conclusion,experiment,observation}"
1909,15779,freedom,The revolution was fought to secure ___ from colonial rule and establish self-governance.,freedom,"{safety,wealth,culture}"
1911,15796,freeway,We hit heavy traffic when merging onto the ___ during rush hour.,freeway,"{bicycle path,alley,driveway}"
1912,15798,freeze,"During the cold snap, the temperature dropped so low that the water in the pipes began to ___.",freeze,"{drip,flow,evaporate}"
1926,15881,frog,The biology class observed a ___ hopping through the wetlands during their field trip.,frog,"{snake,lizard,turtle}"
1940,15990,function,The company's annual gala is both a social event and a ___ to honor top employees.,function,"{dispute,procedure,competition}"
1947,16015,funeral,"The community gathered to attend the ___ of the beloved teacher, where many shared touching memories.",funeral,"{wedding,graduation,birthday}"
1958,16144,gallon,She buys a ___ of milk every week because her family drinks it quickly.,gallon,"{ounce,meter,pound}"
1973,16305,gay,The city's annual Pride Parade celebrates the culture and rights of its ___ and lesbian community.,gay,"{happy,liberal,artistic}"
2000,16563,girl,"With pigtails swinging, the little ___ skipped down the path, holding her father's hand.",girl,"{woman,teenager,lady}"
2003,16593,glad,I'm so ___ you could make it to the meeting—we really needed your input.,glad,"{sad,angry,worried}"
2004,16608,glance,She took a quick ___ at her phone to check the time during the lecture.,glance,"{study,stare,gaze}"
2005,16614,glass,She could see the ice cubes clinking inside the clear ___ as she filled it with water.,glass,"{cup,bottle,jug}"
2009,16677,globe,"To plan his trip, he spun the ___ on his desk and traced the route with his finger.",globe,"{continent,sea,planet}"
2012,16714,glove,She pulled on her leather ___ before starting the chilly morning walk.,glove,"{sock,hat,scarf}"
2013,16784,goal,The striker scored the winning ___ in the final minute of the match.,goal,"{pass,foul,whistle}"
2021,16856,goods,The cargo ship delivered a large shipment of consumer ___ from Asia to the port.,goods,"{services,passengers,information}"
2024,16900,govern,The principles of democracy dictate how the elected officials should ___ the country.,govern,"{observe,promote,question}"
2030,16926,grade,The teacher took extra time to review each student's essay before assigning a final ___.,grade,"{topic,deadline,summary}"
2033,16944,grain,The farmer harvested the fields of ___ before the winter storms arrived.,grain,"{produce,livestock,fruit}"
2035,16950,grammar,"His essay was full of ___ errors, with inconsistent verb tenses and poorly structured clauses that made it difficult to understand his argument.",grammar,"{spelling,punctuation,vocabulary}"
2043,16992,granny,The kids laughed as ___ danced in the kitchen to her favorite song.,granny,"{auntie,mother,neighbor}"
2045,17020,graph,The teacher asked the students to plot the data on a bar ___ to visualize the results.,graph,"{map,essay,equation}"
2055,17093,green,We were able to drive through the intersection without stopping because the traffic light was ___.,green,"{amber,blue,white}"
2066,17192,grounded,The children were ___ for a week after staying out past curfew without permission.,grounded,"{celebrated,excused,rewarded}"
2067,17206,group,A ___ of tourists gathered around the guide to hear the history of the monument.,group,"{class,staff,committee}"
2089,17457,half,She only completed ___ of the assignment before realizing she misunderstood the instructions.,half,"{all,most,whole}"
2093,17514,hand,Could you please give me a ___ with this heavy box?,hand,"{push,lift,turn}"
2095,17526,handful,"The teacher had a ___ of troublemakers in her class this year, making discipline especially challenging.",handful,"{couple,pair,collection}"
2096,17539,handle,The zookeeper was the only one with enough experience to safely ___ the agitated lion.,handle,"{observe,feed,train}"
2099,17564,hang,They decided to ___ the framed photo on the wall above the sofa.,hang,"{lean,repair,inspect}"
2100,17592,happen,No one knows how the accident ___; witnesses gave conflicting accounts of the events.,happened,"{began,ended,escalated}"
2118,17726,have,"We need to ___ a meeting to discuss the project update, so please check your calendars for Tuesday afternoon.",have,"{skip,cancel,postpone}"
2127,17807,healthy,Children who eat a ___ diet tend to perform better in school and have more energy.,healthy,"{varied,plain,sweet}"
2130,17815,heart,"She wore a necklace with a delicate ___ pendant, symbolizing her eternal love.",heart,"{star,leaf,key}"
2134,17850,heaven,"The lush valley with crystal-clear streams looked like ___ on Earth, untouched by modern life.",heaven,"{a mirage,a dream,a kingdom}"
2137,17886,heel,The sharp stone in her shoe caused a painful blister on her ___ after only a few minutes of walking.,heel,"{ankle,toe,calf}"
2155,18173,hey,___! I think you dropped your phone back at the bus stop.,Hey,"{Wow,Sorry,Thanks}"
2159,18210,high,"The mountain peak was at a ___ altitude, making it difficult to breathe without supplemental oxygen.",high,"{low,stable,accessible}"
2174,18317,history,She has a deep passion for ancient civilizations and decided to major in ___ at university.,history,"{geography,literature,philosophy}"
2175,18320,hit,"The storm ___ the coastal town with unexpected force, causing widespread flooding.",hit,"{bypassed,approached,missed}"
2178,18371,hold,The athlete had to ___ the heavy weight above his head for three seconds to complete the lift.,hold,"{raise,drop,balance}"
2185,18419,home,"After a long day at the office, there is no place she would rather be than her own cozy ___.",home,"{office,studio,cafe}"
2190,18513,honey,"Bees produce a sweet, viscous liquid called ___ by collecting nectar from flowers.",honey,"{pollen,syrup,wax}"
2194,18560,hopeful,"Although the competition was stiff, her strong qualifications and excellent interview made her ___ that she would be offered the job.",hopeful,"{doubtful,confused,reluctant}"
2196,18562,hopeless,"With the rescue team out of supplies and the storm worsening, the situation seemed ___.",hopeless,"{inconvenient,complicated,unusual}"
2207,18640,hot,He couldn't drink the coffee because it was still very ___.,hot,"{warm,fresh,dark}"
2210,18663,house,They decided to move out of their small apartment and buy a ___ in the suburbs with a backyard for their children to play in.,house,"{condo,office,warehouse}"
2214,18700,however,"He studied hard for the exam; ___, he still did not get the grade he was hoping for.",however,"{therefore,additionally,meanwhile}"
2224,18804,hungry,"His stomach was rumbling and he hadn't eaten since breakfast, so he was feeling very ___ by late afternoon.",hungry,"{sleepy,anxious,restless}"
2225,18811,hunt,"In many ancient cultures, tribes would ___ large animals like bison to provide food for the entire community.",hunt,"{gather,herd,tame}"
2230,18833,husband,"At the wedding ceremony, the officiant pronounced them ___ and wife.",husband,"{groom,fiancé,partner}"
2239,19179,identification,"To prove he was over 21, the bouncer asked him to present a valid form of photo ___, such as a driver's license.",identification,"{permission,documentation,application}"
2275,19580,impossible,"With the bridge destroyed and no boats available, it became ___ to reach the village before dawn.",impossible,"{necessary,convenient,sudden}"
2276,19603,impress,He studied for weeks to ___ the interview panel with his knowledge and confidence.,impress,"{challenge,distract,confuse}"
2278,19605,impression,"My first ___ of the speaker was that she was confident, though later I realized she was quite shy.",impression,"{question,decision,criticism}"
2288,19713,inch,"The tortoise moved forward only an ___ at a time, but its persistence eventually led it to the finish line.",inch,"{ounce,effort,iota}"
2290,19752,incident,Security was tightened after a minor ___ occurred at the entrance of the building.,incident,"{improvement,delay,inspection}"
2297,19849,incorrect,The math teacher pointed out that the answer on the board was ___ and needed correction.,incorrect,"{creative,surprising,final}"
2298,19855,increase,"As flexible work policies became more common, there has been a steady ___ in the number of people working from home.",increase,"{decline,limit,stability}"
2319,20048,industry,The automotive ___ has undergone significant transformation with the rise of electric vehicles.,industry,"{community,culture,economy}"
2330,20191,influence,A good teacher can positively ___ a student's attitude towards learning and personal growth.,influence,"{measure,record,predict}"
2333,20199,inform,It is the journalist's duty to ___ the public about important current events.,inform,"{ask,entertain,deceive}"
2335,20206,information,"To book a flight, you must provide personal ___ such as your full name, date of birth, and contact details.",information,"{opinions,preferences,permission}"
2342,20303,initial,"Her ___ reaction to the news was shock, but she later felt a sense of profound relief.",initial,"{only,final,hidden}"
2371,20479,inspire,Her courage in the face of adversity continues to ___ people around the world to take action.,inspire,"{discourage,confuse,prevent}"
2380,20513,institution,The local library has become a beloved community ___ that serves residents of all ages.,institution,"{policy,tradition,business}"
2382,20518,instruct,The flight attendant will ___ passengers on safety procedures before takeoff.,instruct,"{question,distract,ignore}"
2428,20840,interview,She was invited for a second ___ after impressing the hiring manager with her resume and first-round performance.,interview,"{vacation,resignation,promotion}"
2432,20942,introduce,Please wait until the host has a chance to ___ the guest speaker before beginning your applause.,introduce,"{question,interrupt,criticize}"
2433,20945,introduction,"At the very beginning of the novel, the ___ sets the scene and presents the main characters for the first time.",introduction,"{conclusion,appendix,index}"
2437,21010,invention,The light bulb remains one of the most important technological ___ of the modern era.,inventions,"{components,systems,materials}"
2464,21308,jacket,He wore a leather ___ to keep warm during the cold evening ride.,jacket,"{vest,shirt,boots}"
2471,21461,job,"After graduating, she applied to numerous companies in hopes of securing a full-time ___ in marketing.",job,"{project,interview,degree}"
2478,21523,journey,The long and difficult ___ through the mountains took them over three weeks on foot.,journey,"{stroll,commute,location}"
2480,21544,judge,"The panel will ___ each competitor's performance based on creativity, technique, and stage presence.",judge,"{enjoy,record,ignore}"
2481,21545,judgement,"Based on his angry tone, she made a quick ___ about his personality that later proved to be wrong.",judgement,"{inquiry,delay,report}"
2485,21576,jump,The sudden loud noise made everyone in the room ___ in surprise.,jump,"{run,shout,stand}"
2491,21608,just,Don't touch the pan; I've ___ taken it out of the oven and it's still very hot.,just,"{once,soon,ever}"
2501,21756,kid,"Did they really mean that or were they, once again, only ___?",kidding,"{laughing,tricking,faking}"
2512,21848,kitchen,She spent hours in the ___ preparing a delicious meal for her family reunion.,kitchen,"{living room,bedroom,dining hall}"
2513,21872,knee,"He bent down on one ___ to propose, holding out a small ring box.",knee,"{foot,elbow,back}"
2522,21975,labour,The company was accused of using cheap child ___ in its overseas factories to keep costs down.,labour,"{talent,products,machines}"
2530,22080,land,"After circling the airport for an hour, the pilot was finally cleared to ___ the aircraft.",land,"{board,fuel,taxi}"
2536,22113,language,He moved to Spain for a year to immerse himself in the culture and become fluent in the local ___.,language,"{cuisine,custom,music}"
2537,22128,lap,"As she sat on the sofa reading, her cat jumped up and settled comfortably on her ___.",lap,"{shoulder,feet,back}"
2539,22147,large,They had to rent a ___ truck to move all their furniture to the new house.,large,"{fast,new,clean}"
2541,22176,laser,The technician used a high-intensity beam of light from a ___ to cut through the sheet of metal.,laser,"{torch,saw,drill}"
2542,22182,last,"I saw him just ___ night at the grocery store, and he seemed to be doing well.",last,"{late,full,one}"
2543,22189,late,"He apologized for arriving ___ to the meeting, explaining that he was stuck in traffic.",late,"{early,suddenly,quietly}"
2553,22281,lay,The hen will ___ an egg in the nest every morning.,lay,"{sit,lie,put}"
2564,22319,leak,"The steady drip from the pipe created a puddle on the floor, confirming a slow ___ in the plumbing.",leak,"{pressure,blockage,flow}"
2569,22343,least,"He put in the ___ effort of anyone on the team, and it showed in his poor results.",least,"{most,more,best}"
2585,22447,lend,Could you ___ me your textbook for the weekend? I promise to return it on Monday.,lend,"{sell,show,trade}"
2590,22490,less,"If you want to improve your health, you should try to eat ___ junk food.",less,"{more,only,some}"
2593,22498,let,Her parents were hesitant to ___ her travel abroad alone for the first time.,let,"{make,force,watch}"
2599,22587,liberation,The prisoners of war celebrated their ___ after the camp was captured by allied forces.,liberation,"{capture,transfer,containment}"
2600,22593,liberty,He argued that the government's mandatory curfews were a serious infringement on personal ___.,liberty,"{safety,property,health}"
2603,22608,license,"In most places, you must ___ your dog with the city and ensure it wears a tag.",license,"{train,name,walk}"
2606,22560,lie,He decided to ___ down for a moment after feeling dizzy from exhaustion.,lie,"{sit,bend,sleep}"
2607,22639,life,"The biography covered every aspect of the artist's turbulent ___, from his childhood to his final years.",life,"{career,style,exhibit}"
2614,22688,like,He has a personality very much ___ his father's; they are both quiet and thoughtful.,like,"{from,with,about}"
2616,22693,likely,"Based on the dark clouds gathering overhead, it is highly ___ to rain within the hour.",likely,"{certain,unusual,doubtful}"
2622,22740,line,There was a long ___ of people waiting to buy tickets outside the concert hall.,line,"{band,audience,party}"
2630,22838,listen,The teacher asked the students to ___ carefully to the instructions before beginning the exam.,listen,"{refer,object,react}"
2637,22887,litre,A typical large soda bottle sold in many countries holds two ___ of liquid.,litres,"{ounces,millilitres,pints}"
2640,22897,live,The concert wasn't pre-recorded; it was broadcast ___ to a global audience.,live,"{loudly,privately,locally}"
2644,22918,overload,"Be careful not to ___ the washing machine too much, or it won't spin properly.",overload,"{unload,repair,restart}"
2664,23097,lose,Be careful not to ___ your keys when you're at the crowded park.,lose,"{find,hide,throw}"
2667,23102,lot,They bought a corner ___ in the new neighborhood to build their dream house on.,lot,"{space,field,patch}"
2683,23235,lunch,"The school bell rang at noon, signaling it was time for the children to eat their ___.",lunch,"{breakfast,dinner,snack}"
2685,23242,lung,Smoking can severely damage your ___ and reduce your overall respiratory function.,lungs,"{hearts,stomachs,kidneys}"
2688,23364,machine,"To wash your clothes automatically, you just need to put them in the washing ___ and add detergent.",machine,"{container,drawer,cabinet}"
2691,23405,madam,The waiter politely addressed the woman as '___' when offering her the menu.,madam,"{sir,miss,lady}"
2707,23512,majority,The ___ of students voted in favor of extending library hours during finals week.,majority,"{minority,fraction,selection}"
2712,23613,man,"As the only ___ on the committee, he offered a different perspective from his female colleagues.",man,"{person,member,expert}"
2721,23683,manner,The diplomat conducted negotiations in a respectful ___ that earned praise from both sides.,manner,"{voice,gesture,decision}"
2733,23776,mark,The teacher asked the student to put a check ___ next to each correct answer.,mark,"{comment,score,grade}"
2735,23781,market,The local farmers' ___ opens every Saturday morning with fresh produce and handmade goods.,market,"{shop,supermarket,stand}"
2738,23807,marriage,Their 50-year ___ was celebrated with a vow renewal ceremony attended by family and friends.,marriage,"{agreement,career,acquaintance}"
2739,23809,married,"After signing the documents at city hall, their union was officially and legally ___.",married,"{approved,accepted,confirmed}"
2743,23857,mask,The surgeon put on sterile gloves and a ___ before entering the operating room.,mask,"{helmet,visor,cap}"
2744,23866,mass,"In physics, an object's ___ is the measure of its inertia, not its weight.",mass,"{force,energy,velocity}"
2756,23958,matter,This is a serious ___ that requires immediate attention from the entire management team.,matter,"{thought,joke,rumor}"
2772,24045,meat,"As a strict vegetarian, she avoids eating any kind of poultry, beef, or other ___.",meat,"{dairy,produce,grain}"
2776,24067,medal,She proudly wore the Olympic gold ___ around her neck on a ribbon.,medal,"{prize,cup,award}"
2777,24075,media,"The news story was covered extensively by all forms of ___, from television to print.",media,"{journalists,agencies,sponsors}"
2780,24104,medicine,The doctor instructed him to take the liquid ___ three times a day using the small cup provided.,medicine,"{diagnosis,prescription,symptom}"
2793,24229,memorial,The city unveiled a new ___ honoring the firefighters who lost their lives in the blaze.,memorial,"{museum,cemetery,billboard}"
2796,24290,mention,"She didn't ___ her plans for graduate school during the interview, surprising her advisors.",mention,"{finalize,change,approve}"
2800,24324,mercy,"Showing great ___, the king pardoned the captured spy instead of having him executed.",mercy,"{power,wisdom,courage}"
2802,24326,merely,"The initial payment is not the full price, but ___ a deposit to hold your reservation.",merely,"{exactly,annually,conditionally}"
2817,24668,might,"He's not sure if he can attend, but he said he ___ come if he finishes work early.",might,"{will,shall,must}"
2820,24686,mile,"The old map showed the town was only a ___ away, but the walk through the dense forest felt much longer.",mile,"{lap,yard,step}"
2827,24729,million,"The city's population grew by over a ___ people in just ten years, reaching a total of five million.",million,"{billion,thousand,hundred}"
2831,24766,mineral,Fruits and vegetables provide essential vitamins and ___ for a healthy body.,minerals,"{proteins,fibers,elements}"
2836,24811,minister,"Each department in the government is led by a cabinet ___, such as the Minister of Finance or the Minister of Health.",minister,"{advisor,ambassador,officer}"
2837,24815,ministry,"He began his career in public service working for the ___ of Foreign Affairs, which is responsible for the nation's international relations.",ministry,"{corporation,committee,union}"
2839,24827,minority,The new policy aims to protect the rights of the ethnic ___ groups living in the northern provinces.,minority,"{majority,population,community}"
2846,24858,miss,"Now that my best friend has moved away, I really ___ our long conversations by the lake.",miss,"{enjoy,forget,remember}"
2847,24985,missile,The warship's radar detected an incoming guided ___ and automatically launched a countermeasure to intercept it.,missile,"{airplane,drone,satellite}"
2853,25053,mixture,The chemist created a new cleaning solution by combining a precise ___ of several different chemicals.,mixture,"{selection,series,order}"
2859,25095,model,"Before construction began, the architect built a detailed, three-dimensional ___ of the skyscraper to show investors how it would look from all angles.",model,"{drawing,sketch,blueprint}"
2866,25171,moment,"The victory was a defining ___ in her career, one she would remember for the rest of her life.",moment,"{period,phase,event}"
2868,25177,mommy,"After falling and scraping his knee, the crying toddler reached his arms up to his mother and sobbed, '___, it hurts!'",mommy,"{lady,sister,aunt}"
2870,25214,monitor,"As a hall proctor, her main job was to ___ the students during the exam to ensure no one was cheating.",monitor,"{teach,grade,question}"
2875,25304,month,"The project is expected to take several ___ to complete, with a final deadline in December.",months,"{weeks,days,years}"
2877,25307,monument,"The tall, stone obelisk was erected as a ___ to commemorate the nation's founding.",monument,"{building,statue,garden}"
2882,25364,more,I need ___ sugar for this recipe; what I have isn't enough to make it sweet.,more,"{less,few,any}"
2899,25505,mouse,"The cat crouched silently, waiting for the tiny ___ to emerge from the small hole in the wall.",mouse,"{rabbit,hamster,lizard}"
2903,25527,movie,We bought popcorn and took our seats just in time to watch the opening scene of the ___.,movie,"{play,concert,lecture}"
2915,25740,mushroom,"The damp forest floor was covered with various types of fungi, including a large edible ___ that he picked for dinner.",mushroom,"{root,fern,blossom}"
2918,25748,musician,"As a talented young ___ who plays three instruments, she has been invited to join the city orchestra.",musician,"{composer,conductor,artist}"
2921,25862,myself,"When I looked in the mirror, I was surprised to see that I had accidentally painted a streak of blue on ___.",myself,"{me,my,I}"
2930,25957,narrow,The ancient street was so ___ that only one car could pass through at a time.,narrow,"{steep,cobbled,winding}"
2944,26054,neat,"His desk was surprisingly ___ despite working on the project all day, with papers stacked in perfect order.",neat,"{disorganized,empty,cluttered}"
2961,26240,net,"The fishermen worked together to pull the heavy ___, which was full of struggling fish, from the water.",net,"{rod,trap,line}"
2971,26380,next,The bus schedule shows that the ___ departure to downtown will be at 10:15 a.m.,next,"{final,previous,earliest}"
2978,26457,nine,"In baseball, a standard game is played over ___ innings, unless the score is tied at the end.",nine,"{seven,ten,six}"
2979,26460,nineteen,"After celebrating her ___ birthday, she was excited to be in her final year as a teenager.",nineteenth,"{ninetieth,ninth,sixteenth}"
2980,26463,ninety,"A right angle is an angle of exactly ___ degrees, forming a perfect corner.",ninety,"{forty-five,one hundred,sixty}"
2998,26725,north,He looked at his compass to confirm his direction; the needle pointed directly to the ___.,north,"{south,horizon,coast}"
2999,26729,northern,"The aurora borealis, a phenomenon also known as the ___ lights, is a spectacular display seen in high-latitude regions.",northern,"{southern,celestial,tropical}"
3001,26754,not,"The package was ___ delivered yesterday, so I'm expecting it by tomorrow at the latest.",not,"{already,finally,mistakenly}"
3012,26805,novelist,The famous ___ was celebrated for her intricate plots and memorable characters in her series of best-selling fiction books.,novelist,"{poet,historian,journalist}"
3016,26818,nowhere,"With no towns or houses for miles, the travelers felt they were in the middle of ___.",nowhere,"{a desert,a landscape,an area}"
3017,26828,nuclear,The scientist explained that splitting atoms in a process called fission is how ___ energy is released.,nuclear,"{solar,chemical,potential}"
3021,26892,nurse,The ___ carefully checked the patient's vital signs and administered the prescribed medication.,nurse,"{doctor,surgeon,pharmacist}"
3023,26896,nursing,"The new facility specializes in long-term ___ care for the elderly, focusing on daily assistance and medical monitoring.",nursing,"{surgical,emergency,diagnostic}"
3028,26971,object,"He pointed to a strange ___ on the table, a smooth, metallic shape with no discernible purpose.",object,"{gadget,tool,device}"
3034,27031,observe,Astronomers use telescopes to ___ distant galaxies and track celestial movements.,observe,"{interpret,contact,catalog}"
3039,27059,obtain,Students must ___ approval from their advisor before enrolling in the independent study.,obtain,"{request,await,confirm}"
3040,27069,obvious,It was ___ that she had forgotten her keys when she kept patting her pockets with a worried look.,obvious,"{curious,unusual,amusing}"
3046,27095,occupy,"The conference will ___ most of her afternoon, so she won't be available until 6 p.m.",occupy,"{define,structure,cancel}"
3047,27097,occur,Earthquakes most frequently ___ along tectonic plate boundaries due to geological stress.,occur,"{originate,intensify,weaken}"
3061,27187,officer,The police ___ arrived at the scene within minutes to direct traffic and take statements.,officer,"{unit,vehicle,department}"
3068,27321,one,I need to borrow a pen; do you have ___ I could use?,one,"{it,any,some}"
3082,27405,opinion,"The survey was designed to gather public ___ on the new law, not to test their knowledge of it.",opinion,"{facts,consent,history}"
3112,27671,otherwise,"You must submit the report by Friday; ___, it will not be considered for the award.",otherwise,"{therefore,however,instead}"
3115,27686,our,"___ school is organizing a cultural festival that will include food, music, and dance from around the world.",Our,"{Their,His,Her}"
3117,27688,ourselves,We decided to renovate the kitchen ___ to save money on labor costs.,ourselves,"{alone,personally,manually}"
3147,28066,owe,"After borrowing money to start his business, he will ___ the bank monthly payments for the next ten years.",owe,"{grant,present,charge}"
3153,28130,pack,A wild ___ of wolves could be heard howling in the distance from their campsite.,pack,"{herd,flock,school}"
3154,28132,package,"The delivery driver left the ___ at the front door, wrapped in brown paper and tied with string.",package,"{message,notice,bill}"
3155,28137,packet,The instant soup mix came in a sealed foil ___ that she tore open and poured into the hot water.,packet,"{container,canister,bottle}"
3160,28180,paint,"Using a brush and a can of latex, she began to ___ the bedroom walls a calm shade of grey.",paint,"{stain,wash,decorate}"
3161,28184,painter,We hired a professional ___ to apply a fresh coat of semi-gloss white to all the trim in the house.,painter,"{artist,decorator,carpenter}"
3162,28186,painting,"The art conservator carefully cleaned the old canvas, revealing the vibrant oil colors of the original ___.",painting,"{drawing,photograph,sculpture}"
3171,28341,paper,"The office is moving to a digital-first system, but we still need to keep a ___ copy of every signed contract.",paper,"{final,backup,secure}"
3178,28499,parent,"As a ___ of three children, she often volunteers at school events and fundraisers.",parent,"{teacher,student,neighbor}"
3196,28604,pass,The quarterback managed to ___ the ball accurately under heavy pressure from the defense.,pass,"{hide,hold,break}"
3212,28703,patient,"A good teacher must be ___ and understanding, especially when a student needs extra help.",patient,"{hurried,strict,impolite}"
3229,28991,people,The community event brought together hundreds of ___ from different neighborhoods to celebrate local culture.,people,"{vehicles,buildings,organizations}"
3230,28994,pepper,She added a pinch of black ___ to the soup to enhance its flavor and give it a slight kick.,pepper,"{sugar,salt,cinnamon}"
3231,29007,per,The speed limit on this highway is 65 miles ___ hour.,per,"{with,from,about}"
3233,29015,percent,The price was reduced by twenty ___ for the holiday sale.,percent,"{dollars,items,points}"
3234,29016,percentage,"The chart showed the ___ of voters who supported the new law, which was just over half.",percentage,"{number,group,total}"
3248,29237,personal,"Despite the crowd, she managed to find a quiet ___ spot to read her book undisturbed.",personal,"{public,common,shared}"
3249,29241,personal,He keeps his work and ___ life strictly separate to maintain a healthy balance.,personal,"{public,corporate,official}"
3251,29249,personally,"I ___ witnessed the incident, so I can describe exactly what happened.",personally,"{indirectly,vaguely,reportedly}"
3252,29255,personnel,Only authorized ___ are allowed access to the secure laboratory area.,personnel,"{visitors,clients,protesters}"
3254,29265,persuade,"Despite his doubts, her logical argument managed to ___ him to support the project.",persuade,"{forbid,command,distract}"
3255,29319,pet,His favorite ___ is a mischievous parrot that can mimic entire conversations.,pet,"{hobby,friend,toy}"
3257,29339,petrol,"In many countries, the price of ___ rises sharply during the summer travel season.",petrol,"{diesel,kerosene,ethanol}"
3263,29481,phone,She quickly pulled out her ___ to check if she had received any messages during the meeting.,phone,"{wallet,notebook,keys}"
3264,29519,photo,"After printing the pictures from their digital camera, they framed their favorite ___ of the mountain summit.",photo,"{letter,painting,poster}"
3272,29583,physician,The ___ reviewed the patient's medical history before ordering additional tests.,physician,"{pharmacist,nurse,therapist}"
3274,29607,piano,"Sitting at the grand instrument with its 88 keys, he practiced the same ___ piece every evening to prepare for the recital.",piano,"{violin,guitar,flute}"
3278,29650,piece,"She carefully placed each ___ of the puzzle on the table, trying to find where it fit.",piece,"{color,image,box}"
3280,29687,pile,"After unpacking the books, he left them in a messy ___ on the living room floor.",pile,"{line,row,shelf}"
3281,29696,pill,The doctor prescribed a daily ___ to help manage her blood pressure.,pill,"{potion,candy,syrup}"
3283,29714,pin,She pricked her finger on the sharp point of the ___ while holding the hem of the trousers in place for sewing.,pin,"{needle,button,thimble}"
3285,29740,pint,"Instead of a small bowl, she bought a whole ___ of her favorite ice cream to eat at home.",pint,"{scoop,cone,gallon}"
3294,29814,place,This little café is my favorite ___ to relax with a good book and a warm drink.,place,"{building,region,address}"
3297,29845,plan,"Before starting the renovation, they created a detailed ___ that included timelines, costs, and materials.",plan,"{sketch,contract,invoice}"
3301,29860,plant,The company announced it would shut down the entire ___ because its industrial machinery was too old and expensive to replace.,plant,"{office,studio,center}"
3302,29885,plastic,"To reduce ocean pollution, the new law bans many single-use items made of ___, such as bags, straws, and water bottles.",plastic,"{metal,glass,wood}"
3303,29890,plate,"After finishing his main course, the waiter took his empty ___ and asked if he would like to see the dessert menu.",plate,"{fork,napkin,glass}"
3304,29897,platform,"The candidate's political ___ emphasizes climate change, education reform, and healthcare access.",platform,"{ideology,speech,campaign}"
3305,29810,play,The children rushed outside to ___ on the swings and slides at the park.,play,"{sit,talk,hide}"
3306,29921,player,"As the star ___ of the team, he scored the decisive goal in the championship match.",player,"{coach,manager,fan}"
3310,29954,please,"As a host, his primary goal was to ___ his guests and ensure they felt welcome and comfortable.",please,"{instruct,question,ignore}"
3315,29998,plot,The film's ___ involves a secret conspiracy that unfolds across three continents.,plot,"{genre,title,setting}"
3318,30032,plus,"The concert ticket costs $50, ___ a mandatory $5 service fee.",plus,"{minus,without,except}"
3323,30094,point,There is no ___ in trying to argue with him; he never changes his mind.,point,"{reason,benefit,logic}"
3327,30123,pole,The tightrope walker used a long balancing ___ to steady himself as he crossed the canyon.,pole,"{rope,beam,ladder}"
3328,30130,police,The school administration had to more strictly ___ student behavior in the hallways to prevent running and shouting.,police,"{approve,admire,ignore}"
3329,30131,policeman,"The ___ stood at the intersection, directing cars to ensure a smooth flow of traffic.",policeman,"{teacher,paramedic,driver}"
3330,30137,policy,It is the company's ___ to require all new employees to complete a safety training course.,policy,"{budget,mission,roster}"
3332,30155,political,"The election campaign focused on key ___ issues, such as taxation and international relations.",political,"{personal,technical,scientific}"
3333,30159,politician,"As an elected ___, her main responsibility was to represent the interests of her community in parliament.",politician,"{journalist,professor,executive}"
3334,30165,politics,"Office ___ can be toxic, especially when colleagues prioritize personal gain over team goals.",politics,"{deadlines,projects,meetings}"
3336,30183,pollution,"The factory was fined for releasing toxic chemicals, a major source of water ___ in the local river.",pollution,"{congestion,erosion,evaporation}"
3337,30297,pond,"Ducks paddled across the small ___, a feature designed for the center of the public garden.",pond,"{river,ocean,canal}"
3338,30320,pool,The children spent the hot afternoon splashing and playing games in the shallow end of the swimming ___.,pool,"{ocean,fountain,bath}"
3339,30323,poor,The family lived in a ___ neighborhood where fresh food was scarce and job opportunities were few.,poor,"{remote,historic,quiet}"
3341,30336,popular,That new restaurant has become so ___ that you have to book a table weeks in advance.,popular,"{expensive,spacious,formal}"
3350,30400,position,She was offered a senior ___ at the law firm after demonstrating exceptional skill and leadership.,position,"{project,bonus,transfer}"
3352,30410,possess,"To be eligible for the job, candidates must ___ a valid driver's license and five years of experience.",possess,"{surrender,request,forget}"
3353,30412,possession,"The antique map, now in the museum's ___, was once owned by a famous explorer.",possession,"{history,shadow,vicinity}"
3354,30418,possibility,"Given the dark clouds gathering, there is a strong ___ of a thunderstorm later this evening.",possibility,"{reason,benefit,rumor}"
3356,30420,possibly,"The doctor said the test results would ___ be ready by Friday, but she couldn't promise anything.",possibly,"{never,always,immediately}"
3357,30421,post,He was asked to ___ a notice on the community bulletin board about the upcoming town meeting.,post,"{fill,design,discuss}"
3358,30434,poster,"To advertise the school play, she designed a colorful ___ to hang in the main hallway.",poster,"{painting,mirror,calendar}"
3359,30470,postpone,"Because the keynote speaker was ill, the organizers had to ___ the conference until a later date.",postpone,"{cancel,shorten,relocate}"
3360,30486,pot,"To cook the pasta, she filled a large, deep ___ with water and placed it on the stove to boil.",pot,"{kettle,bowl,tray}"
3361,30491,potato,"He ordered the steak, which came with a baked ___ topped with sour cream.",potato,"{cabbage,celery,broccoli}"
3367,30530,powder,The white rock was so soft that it could be easily crushed into a fine ___.,powder,"{liquid,crystal,stone}"
3368,30533,power,The president has the ___ to veto legislation passed by Congress.,power,"{ambition,opinion,request}"
3369,30536,powerful,The new engine was so ___ that it could tow a trailer twice the weight of the car itself.,powerful,"{reliable,efficient,loud}"
3370,30549,practical,Her ___ approach to problem-solving focused on workable solutions rather than abstract theories.,practical,"{creative,emotional,indirect}"
3372,30554,practice,"To improve her public speaking skills, she made it a ___ to rehearse her speech multiple times.",practice,"{habit,rule,goal}"
3373,30560,practise,"She moved to a small town to ___ family medicine, where she could build long-term relationships with patients.",practise,"{research,promote,learn}"
3376,30548,pray,"In the chapel, she would kneel down, close her eyes, and silently ___ for her family's safety.",pray,"{wait,rest,think}"
3377,30588,prayer,The priest led the congregation in a final ___ before the service concluded.,prayer,"{song,speech,reading}"
3381,30624,precious,"The locket wasn't expensive, but it was ___ to her because it had belonged to her grandmother.",precious,"{visible,necessary,durable}"
3382,30636,precise,Could you give me ___ instructions on how to get to your house? I don't want to get lost.,precise,"{frequent,simple,quick}"
3387,30678,predict,"Based on current sales data, analysts ___ that the company's profits will double next year.",predict,"{report,confirm,doubt}"
3397,30774,premiere,The new film will have its ___ at the international film festival before its public release.,premiere,"{sequel,review,conclusion}"
3400,30799,preparation,The successful launch of the mission was the result of years of careful ___ by the entire team.,preparation,"{experiment,discovery,observation}"
3401,30803,prepare,"Before the interview, he took time to ___ by researching the company and practicing his answers.",prepare,"{relax,decide,wait}"
3407,30850,presentation,"The student's science fair ___ included charts, a model, and a short video explaining the experiment.",presentation,"{report,experiment,summary}"
3420,30907,pretend,"Children often ___ to be superheroes, running around the playground with capes flapping behind them.",pretend,"{try,wish,learn}"
3424,30930,prevent,Wearing sunscreen regularly can ___ serious skin damage caused by UV rays.,prevent,"{treat,reverse,soothe}"
3437,31005,principle,"She refused the bribe on the grounds of moral ___, standing firm despite the pressure.",principle,"{policy,obligation,concern}"
3438,31008,print,She decided to ___ the article so she could read it offline and make notes on the page.,print,"{download,bookmark,share}"
3448,31041,privilege,Having a flexible work schedule is a ___ that not all employees are granted.,privilege,"{requirement,task,burden}"
3451,31058,probably,"I haven't heard everyone play, but she is ___ the most talented musician in the school.",probably,"{certainly,hardly,consequently}"
3455,31081,procedure,The hospital has a strict ___ for admitting new patients to ensure all necessary information is collected.,procedure,"{policy,custom,habit}"
3459,31086,process,Learning a new language is a gradual ___ that requires consistent practice and immersion.,process,"{decision,skill,goal}"
3469,31139,profession,"Teaching is a respected ___ that requires dedication, training, and ongoing professional development.",profession,"{hobby,task,choice}"
3479,31188,progress,Scientists have made significant ___ in the development of renewable energy technologies.,progress,"{investments,discussions,attempts}"
3482,31204,project,The students collaborated on a science ___ investigating the effects of pollution on local rivers.,project,"{lesson,lecture,experiment}"
3487,31252,promote,The company decided to ___ one of its senior employees to the position of regional manager.,promote,"{transfer,retrain,demote}"
3517,28112,provide,"The organization aims to ___ food, shelter, and medical care to families affected by the disaster.",provide,"{sell,limit,document}"
3529,31624,public,The mayor announced that the new park would be open to the ___ starting next weekend.,public,"{council,elite,staff}"
3532,31633,publish,"After years of writing, the author finally found a company that would ___ her debut novel.",publish,"{review,purchase,market}"
3538,31701,pump,He had to ___ up the bicycle tires before the long ride as they were looking a bit flat.,pump,"{check,clean,replace}"
3547,31779,purple,"The royal robe was a majestic shade of ___, a color historically associated with power and nobility.",purple,"{scarlet,ivory,emerald}"
3549,31796,purse,She opened the clasp on her leather ___ and rummaged inside for the ticket she had tucked into a side pocket.,purse,"{briefcase,folder,suitcase}"
3553,31619,put,"After the argument, she decided to ___ the issue behind her and move on.",put,"{place,throw,set}"
3554,31837,puzzle,The children spent the afternoon trying to solve a difficult jigsaw ___ featuring over a thousand pieces.,puzzle,"{riddle,maze,model}"
3560,31970,quarter,"The company's financial report showed strong growth in the first ___ of the year, from January through March.",quarter,"{month,half,decade}"
3567,32019,quick,"With a dozen other patients waiting, the nurse only had time to perform a ___ check-up.",quick,"{thorough,monthly,specialized}"
3573,32070,quite,"He was ___ certain he had turned off the stove, so he was shocked to see the flame still on.",quite,"{hardly,vaguely,partially}"
3577,32105,race,The Kentucky Derby is a famous horse ___ held on the first Saturday in May each year.,race,"{show,parade,auction}"
3583,32139,radiation,Workers handling spent nuclear fuel must wear specialized suits for protection from harmful ___.,radiation,"{pressure,vibrations,fumes}"
3594,32270,range,"The new rifle was tested for its effective ___, which was determined to be over 800 meters.",range,"{power,speed,accuracy}"
3595,32276,rank,"After ten years of service and a recent promotion, she now holds the ___ of sergeant.",rank,"{duty,honor,command}"
3602,32324,rat,The scientist conducted experiments to test the new drug on a lab ___.,rat,"{monkey,rabbit,canary}"
3604,32332,rather,I would ___ stay home and read a book than go to the noisy party.,rather,"{prefer,better,always}"
3609,32373,ray,"A single ___ of sunlight broke through the clouds, illuminating the mountaintop.",ray,"{drop,speck,shadow}"
3620,32423,reality,"He struggled to accept the harsh ___ of his business failing, preferring to believe it would somehow recover on its own.",reality,"{consequences,details,reason}"
3646,32579,recognize,"Even after twenty years, she could instantly ___ her childhood friend's voice on the phone.",recognize,"{forget,describe,imitate}"
3647,32590,recommend,The travel agent was happy to ___ a scenic route through the countryside for our road trip.,recommend,"{create,drive,cancel}"
3658,32678,red,The artist needed a touch of ___ to accurately paint the ripe cherries on the branch.,red,"{green,purple,brown}"
3662,32766,referee,The soccer ___ issued a yellow card after the player committed a foul.,referee,"{coach,captain,spectator}"
3667,32808,reform,The new president promised fundamental ___ of the country's outdated tax system to make it fairer.,reforms,"{reviews,discussions,cuts}"
3675,32866,regardless,"___ of the potential challenges, the team was determined to complete the project on time.",Regardless,"{Because,Instead,Aware}"
3682,32910,regular,"He is a ___ customer at the coffee shop, visiting every morning at 8 a.m.",regular,"{new,valued,demanding}"
3703,33027,relevant,Please stick to the topic; your comments about the weather are not ___ to this discussion about our budget.,relevant,"{helpful,interesting,important}"
3713,33065,remain,"Despite the challenges, the team will ___ committed to achieving their goals.",remain,"{become,seem,feel}"
3732,33184,repair,"After the accident, it took nearly two weeks to fully ___ the damaged vehicle.",repair,"{inspect,dismantle,repaint}"
3735,33224,replace,"After losing his keys, he had to ___ the locks on all the doors for security reasons.",replace,"{secure,lubricate,inspect}"
3736,33241,reply,"She sent a quick ___ to the email, confirming that she would attend the meeting.",reply,"{invoice,reminder,draft}"
3737,33244,report,The students were required to write a detailed ___ on the effects of climate change on coastal ecosystems.,report,"{poem,letter,script}"
3739,33249,reporter,"The ___ asked sharp questions during the press conference, seeking clarification on the policy changes.",reporter,"{politician,protester,lobbyist}"
3741,33264,represent,"The colors of the flag are meant to ___ unity, peace, and national pride.",represent,"{conceal,question,demand}"
3743,33267,representative,"As a ___ sample of the population, the survey results were considered statistically valid.",representative,"{biased,flawed,incomplete}"
3748,33315,request,She submitted a formal ___ for access to the archived documents.,request,"{denial,invoice,summary}"
3749,33319,require,Most graduate programs ___ applicants to submit test scores and letters of recommendation.,require,"{forbid,help,train}"
3751,33336,rescue,The firefighters launched a daring ___ mission to save the family trapped in the burning building.,rescue,"{training,inspection,containment}"
3752,33338,research,Years of scientific ___ have led to breakthroughs in the treatment of autoimmune diseases.,research,"{debate,funding,publication}"
3755,33355,reservation,"We made a ___ at the restaurant for eight o'clock, but we arrived late and almost lost our table.",reservation,"{complaint,payment,menu}"
3762,33379,resign,"Following the scandal, the CEO announced he would ___ from his position immediately.",resign,"{retire,transfer,retreat}"
3764,33388,resist,It's hard to ___ the temptation of freshly baked cookies cooling on the counter.,resist,"{create,increase,understand}"
3770,33423,respect,"The teacher earned the ___ of her students through fairness, dedication, and kindness.",respect,"{animosity,pity,salary}"
3773,33444,respond,"In the emergency drill, all staff members were expected to ___ immediately to the alarm.",respond,"{listen,object,return}"
3783,33483,restriction,"Due to health concerns, there is a new ___ on gatherings of more than fifty people indoors.",restriction,"{allowance,invitation,endorsement}"
3799,33675,review,"Before the final exam, the teacher held a ___ session to go over key concepts.",review,"{preview,cancellation,question}"
3801,33681,revision,The author submitted a ___ of her manuscript based on the editor's feedback.,revision,"{summary,chapter,preface}"
3804,33704,revolution,The invention of the smartphone marked a technological ___ in communication.,revolution,"{investment,conference,regulation}"
3809,33786,rice,"For the risotto, the chef slowly stirred the broth into the Arborio ___, creating a creamy and starchy dish.",rice,"{pasta,barley,quinoa}"
3811,33804,rid,She finally managed to ___ herself of the habit of biting her nails after years of trying.,rid,"{remind,convince,inform}"
3815,33835,right,"If you are facing north and the sun is just coming up, it will be on your ___ side.",right,"{left,front,back}"
3816,33864,ring,"The old clock tower would ___ every hour, its sound echoing across the quiet town square.",ring,"{jingle,whistle,hum}"
3819,33894,rise,"Every morning at dawn, the sun begins to ___ over the hills, painting the sky in golden hues.",rise,"{set,fall,hide}"
3825,33937,road,"After the storm, the winding mountain ___ was blocked by fallen rocks and mudslides.",road,"{summit,canyon,forest}"
3830,33976,rock,Geologists studied the composition of the ancient ___ formation to learn about Earth's early history.,rock,"{soil,sand,fossil}"
3838,34056,room,There's not enough ___ on the shelf to fit all the books we bought.,room,"{height,depth,weight}"
3840,34072,rope,The climbers tied themselves together with a strong ___ to stay safe on the mountain.,rope,"{wire,thread,strap}"
3841,34079,rose,She pricked her finger on a thorn while admiring the fragrant red ___ that climbed the trellis.,rose,"{lily,daffodil,orchid}"
3846,34122,round,The artist used a special tool to cut a perfectly ___ piece of glass for the tabletop.,round,"{flat,thick,clear}"
3848,34140,routine,"Her morning ___ includes stretching, drinking tea, and journaling before getting dressed.",routine,"{objective,priority,decision}"
3850,34157,royal,"The prince and princess are members of the ___ family, heirs to the throne of their kingdom.",royal,"{leading,powerful,governing}"
3853,34170,rubbish,He swept up the broken glass and dust from the floor and threw it all in the ___ bag.,rubbish,"{recycling,laundry,donation}"
3854,34189,rude,It's considered ___ to interrupt someone while they're speaking during a meeting.,rude,"{polite,necessary,helpful}"
3855,34206,rugby,Players in the ___ match are not allowed to pass the ball forward and must tackle opponents to get the oval-shaped ball.,rugby,"{soccer,hockey,cricket}"
3857,34217,rule,A basic ___ of the game is that you cannot touch the ball with your hands.,rule,"{goal,strategy,exception}"
3860,33934,run,She decided to ___ for city council to advocate for better public transportation.,run,"{vote,resign,move}"
3873,34375,sailing,Learning to hoist the mainsail and steer with the tiller are fundamental skills for anyone new to ___.,sailing,"{kayaking,fishing,surfing}"
3874,34376,sailor,The experienced ___ navigated the ship through the storm using only the stars and compass.,sailor,"{passenger,cook,mechanic}"
3877,34389,salad,"For a light and healthy meal, she mixed lettuce, tomatoes, and cucumbers together to make a fresh ___.",salad,"{stew,casserole,smoothie}"
3878,34395,salary,"He receives a fixed monthly ___ from his employer, which is directly deposited into his bank account.",salary,"{commission,pension,dividend}"
3881,34472,same,"They both wore the ___ color shirt to the party, which caused quite a bit of confusion.",same,"{different,bright,formal}"
3885,34516,sandwich,"For a quick lunch, she placed a slice of cheese and some turkey between two pieces of bread to make a ___.",sandwich,"{salad,taco,pizza}"
3886,34587,satellite,The telecommunications company launched a new ___ into orbit to provide global internet coverage.,satellite,"{rocket,antenna,planet}"
3892,34632,sausage,The butcher ground the pork and seasoned it with herbs before stuffing it into a casing to make ___.,sausage,"{steak,bacon,ham}"
3895,34660,say,She likes to ___ 'Good morning' to everyone she passes in the hallway.,say,"{think,read,hear}"
3897,34694,scan,"The cashier used a device to ___ the barcode on the product, which automatically added the price to the bill.",scan,"{read,touch,clean}"
3904,34741,scene,"The crime ___ was blocked off by police tape, and no one was allowed to enter without authorization.",scene,"{location,area,region}"
3906,34753,schedule,"According to my ___, I have a dentist appointment at 10 AM followed by a meeting at 2 PM.",schedule,"{journal,biography,contract}"
3909,34779,scholarship,He was awarded a full four-year ___ based on both academic excellence and community service.,scholarship,"{loan,salary,prize}"
3910,34782,school,"The children walk to ___ every morning, carrying backpacks filled with books and supplies.",school,"{park,store,library}"
3912,34810,scientific,The team published their findings in a peer-reviewed journal after completing the ___ study on climate change.,scientific,"{philosophical,artistic,literary}"
3913,34813,scientist,The ___ spent years analyzing data to develop a vaccine that could target the virus effectively.,scientist,"{politician,artist,accountant}"
3916,34890,scratch,Her cat left a small ___ on her arm when she tried to pick it up.,scratch,"{bruise,stitch,bandage}"
3923,34954,sculpture,The museum displayed a stunning bronze ___ of a leaping dolphin in the entrance hall.,sculpture,"{painting,photograph,drawing}"
3926,35004,search,She used the website's ___ function to find articles related to her topic.,search,"{login,profile,comment}"
3929,35049,second,"She hesitated for a ___ before answering the question, carefully choosing her words.",second,"{thought,minute,day}"
3943,35122,seem,"The puzzle was difficult, but once solved, the answer ___ obvious in hindsight.",seemed,"{remained,became,proved}"
3947,35156,seldom,"Living in the desert, they ___ experienced a day of heavy rain.",seldom,"{often,never,always}"
3973,35402,serve,He promised to ___ his community by volunteering at the local shelter every weekend.,serve,"{ignore,criticize,leave}"
3975,35415,session,"The therapy ___ lasted for an hour, during which they discussed coping strategies.",session,"{appointment,intermission,holiday}"
3976,35416,set,"Before the guests arrived for dinner, she asked her son to help ___ the table with plates and silverware.",set,"{clear,wash,decorate}"
3988,35448,sex,"The application form requires applicants to state their name, date of birth, and ___.",sex,"{opinion,hobby,talent}"
3996,35500,shallow,"The children were only allowed to wade in the ___ end of the pool, where the water barely reached their knees.",shallow,"{deep,cool,cloudy}"
4005,35545,shave,"To get rid of the stubble on his chin, he used a new razor to ___ his face until it was completely smooth.",shave,"{wash,dry,rub}"
4006,35553,she,My sister is a talented engineer; ___ was recently hired by NASA to work on the Mars rover project.,she,"{he,they,it}"
4008,35566,sheep,The farmer sheared the flock of ___ to collect the thick wool for making yarn.,sheep,"{cattle,pigs,goats}"
4019,35651,shirt,"It was a warm day, so he unbuttoned his collar and rolled up the sleeves of his ___.",shirt,"{coat,sweater,vest}"
4023,35668,shoe,He knelt down to tie the lace on his left ___ before starting the race.,shoe,"{sock,glove,boot}"
4026,35683,shop,"She decided to ___ for a new dress after work, hoping to find something perfect for the party.",shop,"{design,borrow,return}"
4031,35714,shortly,"The performance will begin ___, so please find your seats and silence your phones.",shortly,"{loudly,slowly,annually}"
4032,35723,shot,The hunter fired a single ___ from his rifle to bring down the deer.,shot,"{glance,warning,sound}"
4033,35725,should,Your doctor advised that you ___ avoid salty foods to help manage your blood pressure.,should,"{may,can,will}"
4034,35726,shoulder,He carried the heavy backpack slung over one ___ to ease the strain on his back.,shoulder,"{elbow,wrist,hip}"
4038,35738,shower,"He stepped into the glass stall, turned on the water, and took a quick ___ before breakfast.",shower,"{bath,faucet,sprinkler}"
4041,35787,shut,Please ___ the door quietly so you don’t wake the baby sleeping in the next room.,shut,"{lock,open,knock}"
4044,35811,sick,She stayed home from work because she was feeling ___ and had a high fever.,sick,"{tired,bored,lonely}"
4045,35821,side,"In the debate, she argued for the opposing ___ of the issue, presenting a completely different perspective.",side,"{truth,front,end}"
4051,35878,significance,The historian explained the ___ of the ancient manuscript in shaping early democratic ideals.,significance,"{origin,condition,translation}"
4054,35890,silence,A sudden ___ fell over the crowd when the speaker stepped onto the stage.,silence,"{excitement,murmur,panic}"
4057,35907,silly,"The comedian made a ___ face, crossing his eyes and sticking out his tongue, to make the audience laugh.",silly,"{sad,angry,serious}"
4071,35966,single,He remained ___ by choice and enjoyed traveling the world without commitments.,single,"{quiet,wealthy,famous}"
4073,35999,sir,"The soldier stood at attention and replied, 'Yes, ___!' to the officer's command.",sir,"{mister,general,friend}"
4074,36005,sister,"My parents said my ___ and I looked identical in our childhood photos, even though we are two years apart.",sister,"{aunt,friend,classmate}"
4075,36008,sit,Please ___ quietly during the presentation and save your questions until the end.,sit,"{leave,shout,applaud}"
4079,36021,six,"A standard guitar has ___ strings, while a bass guitar typically has only four.",six,"{four,eight,ten}"
4080,36023,sixteen,"In many parts of the United States, you can get a driver's license once you turn ___ years old.",sixteen,"{thirteen,eighteen,twenty-one}"
4081,36027,sixty,"There are exactly ___ seconds in a minute, a standard unit used to measure time worldwide.",sixty,"{thirty,ninety,one hundred}"
4086,36065,skill,The young pianist's impressive technical ___ amazed the audience at the concert.,skills,"{choices,errors,gestures}"
4096,36150,slave,Historical records show that millions of Africans were forcibly taken and sold into ___ during the transatlantic trade.,slavery,"{employment,poverty,migration}"
4097,36155,slavery,"The Emancipation Proclamation declared that all enslaved people in Confederate states should be set free, marking a turning point in the fight against ___.",slavery,"{monarchy,illiteracy,taxation}"
4098,36171,sleep,"After pulling an all-nighter to finish the project, she desperately needed a full night’s ___.",sleep,"{work,study,effort}"
4101,36203,slight,"There was a ___ difference in temperature between the two rooms, barely noticeable without a thermometer.",slight,"{huge,significant,major}"
4103,36205,slim,"She had a ___ chance of winning the competition, but her determination carried her through.",slim,"{good,strong,certain}"
4108,36256,slow,The heavy traffic forced us to drive at a ___ pace for over an hour.,slow,"{fast,quick,brisk}"
4124,36476,soccer,"The referee showed the player a red card for a serious foul, a rule common in the sport of ___.",soccer,"{baseball,golf,swimming}"
4142,36621,some,"Can I have ___ water, please? I'm feeling a bit thirsty after the walk.",some,"{any,no,all}"
4145,36625,someone,There’s ___ at the door ringing the bell repeatedly—could you go check?,someone,"{everyone,anyone,no one}"
4148,36633,sometimes,___ I feel like going for a walk in the evening when the weather is nice.,Sometimes,"{Always,Never,Daily}"
4151,36648,son,The king and queen were overjoyed when their ___ and heir to the throne was born.,son,"{nephew,cousin,brother}"
4157,36711,sort,This machine can ___ recyclable materials automatically by scanning their composition.,sort,"{mix,crush,clean}"
4158,36719,soul,Many philosophers believe the ___ is immortal and exists beyond the physical body.,soul,"{body,brain,heart}"
4160,36731,soup,"She was feeling sick with a cold, so her mother made her a comforting bowl of chicken ___ with noodles and broth.",soup,"{stew,salad,roast}"
4162,36740,south,"The migrating birds flew ___ as the winter approached, seeking warmer climates.",south,"{north,east,west}"
4163,36748,southern,"The state of Florida is located in the ___ part of the United States, known for its warm weather and beaches.",southern,"{northern,central,western}"
4165,36774,space,Astronauts must adapt to living in the confined ___ of a spacecraft during long missions.,space,"{room,floor,level}"
4168,36808,spare,It's always wise to keep a ___ tire in the trunk in case you get a flat.,spare,"{main,primary,missing}"
4177,36864,specific,"The recipe says to use a ___ type of flour, not just any all-purpose kind, for the best results.",specific,"{vague,general,common}"
4188,36907,speech,"For her best friend's wedding, she wrote a heartfelt ___ to read during the reception.",speech,"{argument,report,debate}"
4189,36911,speed,"The race car driver increased the ___ on the straightaway, passing two competitors in seconds.",speed,"{noise,risk,distance}"
4191,36926,spelling,"He always had trouble with words like 'necessary' and 'receive', so his ___ needed a lot of improvement.",spelling,"{grammar,pronunciation,vocabulary}"
4192,36929,spend,She decided to ___ all her savings on a down payment for a new house.,spend,"{save,invest,donate}"
4198,36978,spin,The figure skater began to ___ so fast in the center of the rink that she became a blur.,spin,"{glide,stop,jump}"
4200,37002,spirit,"Despite the loss, the team continued playing with great ___ and determination.",spirit,"{skill,technique,strategy}"
4203,37048,split,"The log was too large to carry, so he used an axe to ___ it into two smaller pieces.",split,"{lift,polish,join}"
4205,37063,spoken,"Though she could read and write French fluently, she had never ___ the language with a native speaker.",spoken,"{seen,translated,imagined}"
4212,37099,sport,"Football is a popular ___ in many countries, with millions watching professional leagues.",sport,"{event,tradition,business}"
4214,37115,spot,They found a quiet ___ by the lake to set up their picnic blanket.,spot,"{region,zone,road}"
4217,37132,spray,The farmer had to ___ the crops with pesticide to protect them from insects.,spray,"{water,harvest,plant}"
4222,37190,square,A shape with four equal sides and four right angles is called a ___.,square,"{circle,triangle,rectangle}"
4223,37200,squeeze,He had to ___ through the narrow opening in the fence to retrieve his ball.,squeeze,"{run,climb,jump}"
4229,37235,staff,The hospital recently hired additional ___ to handle the increased number of patients during flu season.,staff,"{volunteers,interns,consultants}"
4230,37241,stage,The actors took their bows on the ___ after the final curtain fell.,stage,"{audience,script,costume}"
4231,37264,stair,She tripped on the broken ___ while hurrying down to the basement.,stair,"{floor,railing,carpet}"
4236,37298,stand,"During the ceremony, the audience was asked to ___ as a sign of respect for the national anthem.",stand,"{sit,applaud,bow}"
4244,37369,statement,"After the incident, the company issued a public ___ to address customer concerns.",statement,"{summary,notice,message}"
4245,37385,station,Firefighters returned to the ___ after responding to a call in the downtown area.,station,"{hospital,precinct,barracks}"
4248,37398,statue,"A bronze ___ of the city's founder stands in the central square, surrounded by flowers.",statue,"{fountain,plaque,obelisk}"
4250,37407,stay,We booked a two-week ___ at a seaside resort to relax after the busy season.,stay,"{journey,excursion,package}"
4255,37422,steam,"As the kettle began to whistle, ___ rose from its spout.",steam,"{smoke,mist,air}"
4256,37438,steel,Many modern bridges are suspended from massive cables woven from high-tensile ___.,steel,"{copper,plastic,rope}"
4271,37637,stone,The ancient monument was constructed from massive ___ blocks arranged in a circular pattern.,stone,"{wooden,clay,porcelain}"
4284,37748,straw,She sipped her milkshake through a bendy ___ instead of drinking from the glass.,straw,"{pipe,hose,stick}"
4285,37750,strawberry,"For the dessert, she dipped each heart-shaped red berry into melted chocolate.",strawberry,"{cherry,raspberry,cranberry}"
4288,37769,strength,"The weightlifter's greatest asset was his raw ___, allowing him to lift over 500 pounds.",strength,"{speed,agility,endurance}"
4294,37805,strike,Union members voted to ___ after negotiations with the company failed to produce a fair contract.,strike,"{resign,negotiate,celebrate}"
4296,37811,string,He carefully tied a ___ around the package to keep it securely closed.,string,"{tape,chain,band}"
4306,37872,studio,The news program is broadcast live from a television ___ in New York City.,studio,"{office,theater,auditorium}"
4307,37876,study,Scientists conducted a long-term ___ on the effects of sleep deprivation on cognitive performance.,study,"{talk,conference,lecture}"
4312,37902,stupid,He felt ___ for believing the obviously fake email and giving away his password.,stupid,"{clever,confused,surprised}"
4313,37914,style,Her fashion sense reflects a unique ___ that blends vintage elegance with modern edge.,style,"{color,fabric,garment}"
4314,37999,subject,The main ___ of the documentary was the environmental impact of plastic waste.,subject,"{character,point,title}"
4337,34665,such,The storm caused ___ damage that the town declared a state of emergency.,such,"{severe,widespread,minimal}"
4338,38181,suck,"When the child drinks through a straw, they ___ the liquid up by creating a vacuum.",suck,"{push,blow,spill}"
4342,38197,suffer,Many people ___ from anxiety during times of economic uncertainty.,suffer,"{benefit,recover,hide}"
4343,38201,suffering,The relief workers provided food and medical aid to people in ___ after the earthquake.,suffering,"{shelter,safety,comfort}"
4346,38215,sugar,"To make her coffee less bitter, she added a spoonful of ___ and stirred it until it dissolved.",sugar,"{salt,flour,pepper}"
4347,38218,suggest,I ___ that we leave early to avoid traffic on the highway.,suggest,"{demand,guarantee,know}"
4350,38229,suit,He wore a dark blue ___ to the formal event.,suit,"{robe,sweater,uniform}"
4352,38234,suite,"They reserved an executive ___ at the hotel, which included a separate living room and private balcony.",suite,"{room,lobby,hall}"
4370,38452,support,"Friends and family ___ her throughout the difficult time, offering both comfort and advice.",supported,"{abandoned,questioned,ignored}"
4377,38495,sure,Are you ___ this is the right path? The map shows a different route.,sure,"{happy,confused,afraid}"
4385,38528,surprise,"The party was a complete ___, as her husband had no idea it was happening.",surprise,"{success,formality,failure}"
4407,38626,sweater,"Since it wasn't cold enough for a full coat, she just pulled a knitted ___ on over her shirt.",sweater,"{jacket,vest,blouse}"
4411,38663,swimming,"For her ___ lessons, she taught students how to tread water and do the backstroke.",swimming,"{running,cycling,diving}"
4413,38678,switch,"To change the direction of the model train, he flipped a ___ on the control panel.",switch,"{dial,lever,knob}"
4415,38716,symbol,The dove is a universal ___ of peace and hope across many cultures.,symbol,"{sign,token,reminder}"
4422,38821,system,The engineer designed a complex ___ of interconnected gears and levers to operate the machine.,system,"{device,component,tool}"
4424,38842,table,The family gathered around the dining ___ for their evening meal.,table,"{sofa,desk,counter}"
4431,38914,take,He decided to ___ a photography class to improve his skills.,take,"{lead,give,pass}"
4435,38934,talk,The toddler is just learning to ___ and can only say a few words.,talk,"{think,listen,walk}"
4439,39003,tape,She used a piece of ___ to stick the poster to the wall.,tape,"{glue,string,wire}"
4441,39037,task,His first ___ of the day was to sort through a week's worth of mail.,task,"{choice,hobby,reward}"
4443,39073,tax,The government imposed a new ___ on sugary drinks to discourage unhealthy consumption.,tax,"{fee,fine,price}"
4444,39079,taxi,"Since it was raining, we decided to take a ___ instead of walking.",taxi,"{shortcut,stroll,detour}"
4448,39098,teacher,The students gave their ___ a farewell card at the end of the school year.,teacher,"{classmate,librarian,janitor}"
4455,39147,technology,The rapid advancement of ___ has changed how people communicate and access information.,technology,"{industry,science,media}"
4459,27676,telephone,"In the old movie, the detective picked up the receiver of the ringing ___ to answer the call.",telephone,"{intercom,switchboard,telegraph}"
4461,39248,tell,Please ___ me the truth about what happened during the argument.,tell,"{show,give,read}"
4468,39292,ten,"Humans typically have five fingers on each hand, for a total of ___ on both.",ten,"{eight,twelve,fifteen}"
4470,39300,tends,"She always ___ to arrive early for meetings, preferring to be prepared.",tends,"{refuses,fails,pretends}"
4475,39338,tent,"After hiking for hours, they finally set up their ___ beside the lake before sunset.",tent,"{campsite,hammock,campfire}"
4490,39432,test,The final ___ consisted of fifty multiple-choice questions and a short essay.,test,"{lesson,lecture,assignment}"
4500,39506,that,Is ___ the book you were looking for on the shelf over there?,that,"{this,it,any}"
4505,39523,their,The team members celebrated ___ victory with a dinner party.,their,"{his,its,our}"
4508,39532,theme,"The ___ of the party was 'vintage Hollywood,' so everyone dressed in glamorous 1940s-style attire.",theme,"{occasion,mood,setting}"
4522,39609,thick,He wore a ___ wool sweater to protect himself from the biting winter wind.,thick,"{thin,new,clean}"
4525,39622,thing,What is that strange ___ on the table? I've never seen it before.,thing,"{idea,concept,memory}"
4526,39624,think,I can't ___ of a better place to celebrate your birthday than the beach.,think,"{dream,speak,know}"
4527,39675,thought,"She paused for a moment, deep in ___ before finally answering the difficult question.",thought,"{doubt,memory,prayer}"
4528,39641,third,"After winning the race two years in a row, she claimed ___ place this year due to a minor injury.",third,"{final,another,every}"
4531,39650,thirty,An adult who is ten years younger than forty is ___ years old.,thirty,"{fifty,twenty,fifteen}"
4532,39651,this,"Holding the book in my hands, I said, '___ is the best novel I have ever read.'",This,"{That,It,There}"
4536,39675,thought,"I ___ the meeting was scheduled for 3 PM, but it turns out it was moved to 4 PM.",thought,"{hoped,knew,announced}"
4538,39682,thousand,There are a ___ years in one millennium.,thousand,"{hundred,million,billion}"
4548,39755,throughout,"The celebration continued ___ the entire city, with music and dancing in every neighborhood.",throughout,"{among,despite,toward}"
4552,39816,ticket,"To enter the concert, each person had to show a valid ___ at the gate.",ticket,"{invitation,receipt,schedule}"
4561,39864,time,"Do you have ___ to help me with this project, or are you too busy?",time,"{energy,skill,reason}"
4564,39899,tin,"For the chemistry experiment, we needed a soft, silvery-white metal with the symbol Sn, which is commonly known as ___.",tin,"{lead,zinc,iron}"
4575,40022,tolerate,"I can ___ a little noise, but loud construction work during dinner is too much.",tolerate,"{create,reduce,appreciate}"
4577,40032,tomato,"For the sauce, she crushed a ripe, red ___ that was juicy and slightly sweet.",tomato,"{beet,radish,pepper}"
4578,39971,tomorrow,The meeting is not today; the director has rescheduled it for ___ morning.,tomorrow,"{yesterday,last,previous}"
4581,40054,tongue,The doctor asked the patient to stick out his ___ and say 'ah' to check his throat.,tongue,"{lip,chin,cheek}"
4585,40078,tooth,"After the accident, he lost several of his front ___ and needed dental surgery.",teeth,"{bones,roots,gums}"
4590,40157,total,"After a final recount, the ___ number of attendees was confirmed to be over twelve hundred.",total,"{initial,estimated,minimum}"
4593,40178,tough,"Climbing that mountain was the ___ hike I've ever attempted, taking more than 10 hours.",toughest,"{easiest,highest,quickest}"
4599,40202,towel,"After swimming, I grabbed my ___ and dried off on the sunny beach.",towel,"{blanket,shirt,sandals}"
4601,40206,town,"We left the metropolis for a small, self-contained ___ in the countryside with its own mayor and main street.",town,"{suburb,highway,forest}"
4605,40253,track,The athletes took their positions on the ___ for the final lap of the 1500-meter race.,track,"{bridge,tunnel,field}"
4606,40267,trade,Skilled workers in carpentry and plumbing are in high demand in the construction ___.,trade,"{profession,project,department}"
4617,40303,trainer,She hired a professional fitness ___ to help her improve strength and endurance for the marathon.,trainer,"{athlete,doctor,therapist}"
4618,40305,training,The new employees underwent extensive ___ before they were allowed to operate the machinery.,training,"{meetings,interviews,discussions}"
4623,40379,transform,"With a new coat of paint and modern furniture, we were able to completely ___ the old warehouse into a stylish loft.",transform,"{relocate,adjust,arrange}"
4628,40415,translation,"Since the text was in a lost language, the ___ of the ancient manuscript was required to reveal its secrets.",translation,"{discovery,preservation,illustration}"
4657,40665,trip,"Their dream ___ to Japan included visits to ancient temples, bustling cities, and hot springs.",trip,"{meeting,job,routine}"
4659,40714,troop,The military ___ was deployed to the border region to support peacekeeping efforts.,troop,"{historian,commentator,mission}"
4662,40734,trouble,He got into serious ___ with the school authorities after being caught cheating on the exam.,trouble,"{danger,mischief,disagreement}"
4680,40943,twelve,"A year is composed of ___ months, starting with January and ending with December.",twelve,"{ten,fourteen,twenty}"
4681,40945,twenty,He paid for the coffee with a single ___ dollar bill and received some change.,twenty,"{five,ten,fifty}"
4682,40948,twice,She had to read the confusing email ___ to make sure she understood it correctly.,twice,"{once,often,rarely}"
4683,40956,twin,Her ___ sister is often mistaken for her because they look so much alike.,twin,"{older,younger,other}"
4685,40971,two,"It takes ___ to tango, an idiom meaning that both people in a dispute are responsible.",two,"{one,three,many}"
4686,40979,type,He learned how to ___ quickly on the keyboard by playing online games.,type,"{read,click,draw}"
4698,41239,uncle,"Every year, I get a birthday card from my aunt and ___ who live in Canada.",uncle,"{father,grandfather,brother}"
4701,41331,under,He found his missing keys hiding ___ a pile of newspapers on the desk.,under,"{over,beside,above}"
4704,41377,underground,Many cities have a complex ___ network of pipes and cables for utilities like water and electricity.,underground,"{elevated,coastal,international}"
4721,23245,uniform,All students at the school are required to wear a standard ___ during class hours.,uniform,"{wardrobe,costume,accessory}"
4724,41754,unique,"The artist was known for her ___ style, which blended traditional techniques with modern technology.",unique,"{common,similar,average}"
4725,41761,unit,Each apartment in the building is a self-contained ___ with its own kitchen and bathroom.,unit,"{piece,section,area}"
4729,41772,universal,"The new policy received ___ approval, with every single member of the committee voting in its favor.",universal,"{regional,temporary,exclusive}"
4732,41788,unknown,The long-term side effects of the new medication are still largely ___ to scientists.,unknown,"{obvious,documented,predictable}"
4734,41803,unlike,"___ most mammals, bats are capable of sustained flight.",Unlike,"{Similar to,Including,Regarding}"
4740,42145,unusual,It is quite ___ for this species of bird to be seen so far north during the winter.,unusual,"{common,ordinary,familiar}"
4749,42238,upstairs,"From the ground floor, he shouted ___ to his wife, whose office was on the second level.",upstairs,"{downstairs,outside,away}"
4752,42284,urge,"She couldn't resist the sudden ___ to check her phone, even though she was in the middle of a meeting.",urge,"{permission,instruction,memory}"
4756,42322,used,"This car is ___ but still in excellent condition, making it a great value for the price.",used,"{brand new,customized,leased}"
4759,42327,user,Every ___ of the online platform must agree to the terms of service before creating an account.,user,"{critic,designer,manager}"
4767,42406,vague,His instructions were so ___ that no one was sure what step to take next.,vague,"{complex,formal,detailed}"
4772,42447,value,"Before selling the antique painting, he hired an expert to determine its market ___.",value,"{origin,condition,style}"
4777,42505,variety,The grocery store is known for the wide ___ of fruits and vegetables from all over the world.,variety,"{quality,price,freshness}"
4780,42542,vast,"The Sahara Desert stretches across a ___ area of North Africa, making it one of the largest deserts in the world.",vast,"{remote,arid,flat}"
4782,42576,vehicle,The fire department used a specialized ___ to rescue people trapped on the upper floor of the burning building.,vehicle,"{foam,uniform,protocol}"
4790,42690,version,An English-language ___ of the book is planned for next year.,version,"{summary,sequel,review}"
4792,42696,vertical,The climber scaled the ___ rock face using only her hands and specialized grips.,vertical,"{jagged,horizontal,smooth}"
4793,42706,very,"The sunset over the ocean was ___ beautiful, with vibrant colors filling the sky.",very,"{often,soon,almost}"
4797,42738,via,He received the official notification ___ email this morning.,via,"{from,after,inside}"
4805,42805,view,"From the mountain summit, hikers were rewarded with a breathtaking ___ of the valley below.",view,"{path,height,distance}"
4812,42860,violence,The film was given a restrictive rating because of its graphic scenes of ___.,violence,"{conflict,drama,tension}"
4817,42903,virus,He installed special software to protect his computer from any ___ that might be hidden in email attachments.,virus,"{error,command,glitch}"
4818,42904,visa,"Although her passport was valid, she couldn't enter the country because she had forgotten to apply for a tourist ___.",visa,"{ticket,invoice,receipt}"
4823,42931,visual,The film's stunning ___ effects made the fantasy world feel real and immersive.,visual,"{auditory,practical,verbal}"
4839,43132,wake,You need to ___ up early tomorrow to catch the 6 AM flight.,wake,"{sleep,dress,eat}"
4866,43346,wealthy,Only a truly ___ individual could afford to buy an entire island and build a private resort on it.,wealthy,"{generous,famous,successful}"
4875,43401,week,"Her vacation lasted for two ___, a total of fourteen days away from the office.",weeks,"{days,months,years}"
4877,43408,weekly,The team holds a ___ meeting every Monday morning to plan for the upcoming five workdays.,weekly,"{monthly,annual,daily}"
4885,43460,western,"The film festival featured a special screening of classic ___ movies, complete with cowboys, saloons, and dramatic shootouts.",western,"{romantic,adventure,historical}"
4898,43518,whether,She couldn't decide ___ to accept the job offer or continue searching for another position.,whether,"{why,how,what}"
4900,43524,while,"___ I understand your point of view, I still disagree with your conclusion.",While,"{Because,Since,Unless}"
4906,43579,who,The scientist ___ discovered the vaccine was honored with a national award.,who,"{which,what,whom}"
4908,43584,whole,"She ate the ___ cake by herself, not leaving a single crumb for anyone else.",whole,"{single,generous,remaining}"
4918,43622,widow,"After her husband's unexpected death, the young ___ faced the challenge of raising her children alone.",widow,"{divorcee,spinster,matriarch}"
4920,43629,wife,"The couple celebrated their 25th anniversary, with the husband praising his ___ for her unwavering support.",wife,"{sister,daughter,mother}"
4922,43646,wildlife,"The national park is home to a diverse range of ___ including bears, eagles, and rare amphibians.",wildlife,"{livestock,vegetation,minerals}"
4925,43663,willingness,Her ___ to take on extra responsibilities earned her a promotion within the company.,willingness,"{reluctance,inability,reputation}"
4927,43677,wind,The strong ___ knocked over the garden chairs and sent leaves flying across the yard.,wind,"{rain,hail,sunlight}"
4936,43749,wisdom,The elder's ___ was evident in his thoughtful advice about resolving the village dispute.,wisdom,"{age,authority,curiosity}"
4941,43764,withdraw,"If the bank suspects fraud, they may ___ your access to your account until the issue is resolved.",withdraw,"{extend,increase,guarantee}"
4946,43810,woman,"The suffragette movement fought for the right of every ___ to vote in elections, regardless of social standing.",woman,"{citizen,adult,person}"
4953,43873,work,She managed to complete the entire project in a single day of hard ___.,work,"{thought,rest,delay}"
4961,43917,worldwide,The artist's popularity became ___ after her song topped charts in over fifty countries.,worldwide,"{unexpected,local,temporary}"
4962,43918,worm,"The early bird pulled a wriggling ___ from the soft, damp earth for its breakfast.",worm,"{caterpillar,centipede,snail}"
4969,43939,worth,"The antique vase was appraised at over $10,000, making it truly ___ a fortune.",worth,"{like,near,unlike}"
4982,44070,yard,"The children spent the afternoon playing tag on the large, grassy ___ behind their house.",yard,"{patio,driveway,street}"
4988,44110,yesterday,"I can't meet today because I'm busy, but I saw her ___ at the weekly market.",yesterday,"{tomorrow,soon,later}"
4989,44112,yet,"She is ___ to submit her application, but the deadline is in two hours.",yet,"{about,ready,going}"
4996,44145,yourself,You should be proud of ___; you handled that difficult situation with grace.,yourself,"{myself,himself,themselves}"
4998,44192,zero,"Despite extensive searching, the scientists found ___ evidence of microbial life, concluding the sample was sterile.",zero,"{minimal,ample,conclusive}"
4999,44220,zone,Drivers must slow down when entering a school ___ to ensure the safety of children.,zone,"{building,street,gate}"
5005,96,about,"He was worried ___ the final exam, so he studied every night for a week.",about,"{for,with,from}"
5018,192,academy,"She was accepted into a prestigious ___ of arts and sciences, known for its rigorous curriculum.",academy,"{collection,gallery,program}"
5024,224,access,Only authorized personnel have the password to ___ the confidential files.,access,"{view,copy,share}"
5025,227,accessible,The website was updated to be more ___ to users with visual impairments by adding screen reader compatibility.,accessible,"{appealing,functional,modern}"
5026,233,accident,He broke his arm in a skiing ___ and had to miss the rest of the season.,accident,"{maneuver,technique,decision}"
5029,253,accommodation,"When booking our trip, we looked for a hotel that offered pet-friendly ___.",accommodation,"{transportation,entertainment,reservations}"
5034,276,account,"He gave a detailed ___ of the incident to the police, including the time and the suspect’s appearance.",account,"{story,opinion,rumor}"
5037,280,accountant,"To prepare her annual tax return, she hired an ___ to help calculate her income and deductions.",accountant,"{investor,manager,lawyer}"
5053,403,acre,The family's rural property spanned over ten ___ of forest and farmland.,acres,"{sections,parcels,ranges}"
5101,709,advise,The doctor will ___ you on the best treatment options based on your test results.,advise,"{persuade,explain,instruct}"
5103,717,advocate,She continues to ___ for better mental health services in underserved communities.,advocate,"{ignore,criticize,finance}"
5105,790,affair,"The politician's controversial statement turned into a major public ___, dominating the news cycle for weeks.",affair,"{debate,scandal,problem}"
5115,871,again,"The first attempt to launch the rocket failed, but the team was determined to try ___ the next day.",again,"{later,soon,next}"
5117,878,age,"The antique vase was valued not for its beauty, but for its great ___.",age,"{size,weight,origin}"
5122,907,aggression,"The dog's bared teeth and low growl were clear signs of ___, warning us to back away slowly.",aggression,"{anxiety,excitement,curiosity}"
5124,930,ago,She moved to this city three years ___ and has lived here ever since.,ago,"{past,back,prior}"
5134,1007,aircraft,The experimental ___ successfully completed its test flight at the aerospace research facility.,aircraft,"{submarine,satellite,automobile}"
5147,1158,alive,"After the earthquake, rescuers were relieved to find several survivors still ___ beneath the rubble.",alive,"{calm,asleep,quiet}"
5148,1169,all,"She gave ___ her attention to the task, ignoring every distraction around her.",all,"{some,much,little}"
5155,1225,allow,School rules do not ___ students to use mobile phones during class.,allow,"{encourage,force,remind}"
5161,1250,alongside,"The support boat traveled ___ the swimmer, ready to offer assistance if needed.",alongside,"{behind,over,through}"
5162,1266,already,"By the time we arrived, the movie had ___ started, and the theater was completely dark.",already,"{just,finally,hardly}"
5167,1296,altogether,"After the third failed attempt, they abandoned the project ___.",altogether,"{temporarily,partially,reluctantly}"
5168,1305,aluminium,"The beverage can was made of lightweight, recyclable ___.",aluminium,"{steel,glass,plastic}"
5180,1442,among,There was a sense of unease ___ the team members after hearing the unexpected news.,among,"{between,against,outside}"
5181,1455,amount,She was surprised by the ___ of work required to complete the project on time.,amount,"{number,piece,quality}"
5193,1665,angle,The photographer adjusted the camera to a different ___ to capture a more dramatic shot of the building.,angle,"{height,distance,focus}"
5196,1689,animal,"The zookeeper gave a special treat to the lion, her favorite ___ in the entire park.",animal,"{visitor,exhibit,caretaker}"
5207,1773,another,She finished her coffee and decided to order ___ one before leaving.,another,"{the other,every,that}"
5208,1780,answer,He raised his hand to provide the correct ___ during the quiz show.,answer,"{question,comment,opinion}"
5212,2017,any,You can choose ___ flavor of ice cream you like; they are all delicious.,any,"{each,one,some}"
5213,2018,anybody,The manager said she was too busy to see ___ without an appointment.,anybody,"{somebody,everyone,nobody}"
5215,2021,anyone,She was so upset she refused to speak to ___ for the rest of the day.,anyone,"{everyone,her friend,the manager}"
5220,2036,apartment,"They moved into a new high-rise building, renting a two-bedroom ___ on the tenth floor.",apartment,"{house,office,level}"
5227,2116,appeal,The charity's campaign to help homeless children was designed to ___ to people's compassion and generosity.,appeal,"{offend,confuse,bore}"
5231,2140,appetite,"Feeling sick, he had completely lost his ___ and couldn't even think about food.",appetite,"{preference,energy,patience}"
5232,2144,applaud,The audience rose to their feet to ___ the performer after the breathtaking finale.,applaud,"{question,interrupt,ignore}"
5237,2160,apply,He decided to ___ for a scholarship to help pay for his university tuition.,apply,"{ask,prepare,receive}"
5239,2165,appointment,She checked her calendar and realized she had a doctor's ___ scheduled for Thursday afternoon.,appointment,"{emergency,prescription,invoice}"
5240,2178,appreciate,I really ___ your help with the project—it made a big difference in meeting the deadline.,appreciate,"{ignore,forget,question}"
5241,2179,appreciation,The company showed its ___ by hosting a luncheon for all employees during appreciation week.,appreciation,"{concern,frustration,apology}"
5242,2191,approach,"The team decided to try a new ___ to solve the problem, focusing on collaboration rather than competition.",approach,"{solution,question,goal}"
5243,2199,appropriate,"Wearing formal attire was ___ for the job interview, as it made a professional impression.",appropriate,"{optional,uncomfortable,expensive}"
5255,2341,area,The downtown ___ has seen a lot of development over the past ten years.,area,"{city,building,street}"
5259,2363,argument,"The couple had a heated ___ about where to spend the holidays, which lasted well into the night.",argument,"{agreement,vacation,tradition}"
5264,2414,army,The small nation built a large ___ to defend its borders from potential invasions.,army,"{navy,police,cabinet}"
5265,2420,around,They built a tall fence ___ the entire property to keep intruders out.,around,"{through,across,over}"
5282,2576,aside,The manager pulled the employee ___ to discuss the sensitive matter privately.,aside,"{along,off,out}"
5284,2585,asleep,"Despite the loud party next door, the baby remained sound ___ in his crib.",asleep,"{awake,startled,aware}"
5285,2590,aspect,We must consider every ___ of the problem before we can propose a viable solution.,aspect,"{solution,cause,outcome}"
5295,2638,assessment,The insurance company required a formal ___ of the flood damage before processing the claim.,assessment,"{payment,policy,discussion}"
5299,2657,assist,He volunteered to ___ the new employees during their first week on the job.,assist,"{replace,compete with,ignore}"
5300,2658,assistance,We appreciate your prompt ___ with resolving the technical issues on our site.,assistance,"{interruption,delay,problem}"
5301,2659,assistant,The chief executive hired a personal ___ to manage her schedule and handle daily correspondence.,assistant,"{partner,intern,consultant}"
5304,2666,association,She was president of the alumni ___ for five years before stepping down.,association,"{company,university,government}"
5305,2677,assume,"Without any proof, the detective ___ that the suspect had already fled the country.",assumed,"{proved,observed,concluded}"
5312,2795,atmosphere,"The restaurant had a cozy ___ with dim lighting, soft music, and warm wooden decor.",atmosphere,"{menu,service,reputation}"
5314,2840,attach,Please remember to ___ the signed contract to the email before you send it.,attach,"{upload,copy,write}"
5322,2872,attitude,She approached the challenging project with a positive ___ and was confident she would succeed.,attitude,"{skill,history,emotion}"
5325,2884,attraction,"For many tourists, the city's main ___ is its collection of world-renowned art museums.",attraction,"{government,industry,transportation}"
5333,2938,aunt,"My mother's sister, who is my ___, lives in Seattle and visits us every summer.",aunt,"{niece,cousin,mother}"
5344,3068,available,The software update will be ___ for download starting next Tuesday.,available,"{optional,incompatible,obsolete}"
5345,3080,average,"He is of ___ height and build, so he blends in easily with a crowd.",average,"{unusual,impressive,specific}"
5346,3107,avoid,"To stay healthy, she tries to ___ sugary snacks and processed foods.",avoid,"{consume,prepare,purchase}"
5348,3121,awake,"She stayed ___ all night, worried about her son's delayed flight.",awake,"{asleep,calm,peaceful}"
5349,3124,award,The film was honored with the Best Picture ___ at the national awards ceremony.,award,"{review,budget,script}"
5350,3126,aware,He wasn't fully ___ of the risks involved in the experiment until it was too late.,aware,"{afraid,supportive,critical}"
5352,3129,away,The scared cat ran ___ from the loud noise.,away,"{towards,under,past}"
5354,3139,awkward,There was an ___ silence after she realized her joke had offended someone.,awkward,"{comfortable,respectful,planned}"
5358,3230,background,"The detective investigated the suspect's ___, looking for clues in his family history and past employment.",background,"{personality,schedule,action}"
5363,3285,bad,"He made a ___ decision when he chose to drive in the snowstorm, and he ended up getting stuck for hours.",bad,"{quick,final,difficult}"
5365,3290,badly,The team played ___ and lost the championship game by a wide margin.,badly,"{slowly,loudly,cautiously}"
5371,3347,ball,The children chased the ___ across the playground after it rolled away during their game.,ball,"{frisbee,swing,slide}"
5372,3352,ballet,"The dancer practiced her plié and pirouette for hours, perfecting her ___ technique.",ballet,"{gymnastics,theater,karate}"
5377,3385,band,"The rock ___ performed an energetic set at the festival, drawing cheers from the crowd.",band,"{team,committee,cast}"
5381,3436,bar,"After work, they met their friends for a drink at a quiet little ___ downtown.",bar,"{cafe,diner,library}"
5382,3457,bare,He walked through the house in ___ feet because he had left his slippers upstairs.,bare,"{cold,clean,sore}"
5406,3640,bean,"To make traditional Boston baked ___, you need to soak them overnight before cooking.",beans,"{potatoes,lentils,carrots}"
5408,3649,beard,The old sea captain had a long white ___ that covered his chin and cheeks.,beard,"{mustache,sideburns,scarf}"
5409,3658,beast,The farmer used a strong ox as a ___ of burden to plow the fields.,beast,"{tool,machine,servant}"
5410,3661,beat,"The drummer kept a steady ___ throughout the song, anchoring the entire band's performance.",beat,"{melody,lyric,instrument}"
5414,3692,become,"With hard work and dedication, she hoped to ___ a doctor one day.",become,"{remain,seem,stay}"
5419,3741,beer,He went to the pub and ordered a pint of his favorite craft ___.,beer,"{juice,water,soda}"
5428,3808,being,___ kind to others costs nothing but can make a significant difference in their day.,Being,"{Seeming,Acting,Feeling}"
5434,3856,below,Please check the list ___ for the names of students selected to join the competition.,below,"{above,ahead,after}"
5454,4042,bid,"At the auction, her final ___ of five hundred dollars was enough to win the antique painting.",bid,"{offer,suggestion,proposal}"
5455,3769,big,"He asked for a small portion of fries, but the server gave him a ___ one by mistake.",big,"{long,crispy,salty}"
5456,4077,bike,"For his birthday, the child was thrilled to get his first two-wheeled ___ with training wheels attached.",bike,"{scooter,car,train}"
5458,4107,billion,A thousand million is the same amount as one ___.,billion,"{million,trillion,thousand}"
5467,4266,biscuit,"For breakfast, he enjoyed a warm buttermilk ___ smothered in sausage gravy.",biscuit,"{cracker,muffin,cookie}"
5469,4276,bit,"Startled by the loud noise, the frightened dog ___ the hand that tried to comfort it.",bit,"{chewed,gnawed,nibbled}"
5473,4295,black,The artist used only ___ ink on white paper to create a striking high-contrast drawing.,black,"{gray,dark,shadowed}"
5475,4319,blame,"After the accident, the driver tried to ___ someone else for the damage.",blame,"{forgive,praise,reward}"
5477,4331,blanket,"On a cold night, she pulled an extra ___ over herself to stay warm.",blanket,"{pillow,sheet,curtain}"
5479,4368,bleed,"In the horror movie, the haunted wall began to ___ a dark, red liquid.",bleed,"{pour,spill,splash}"
5489,4459,blow,You must ___ out the candles on the birthday cake to make a wish.,blow,"{light,cut,touch}"
5493,4516,boat,They rented a small ___ to explore the calm waters of the lake over the weekend.,boat,"{car,tent,bicycle}"
5499,4568,bomb,"During the war, the aircraft dropped a powerful ___ on the enemy base, destroying it completely.",bomb,"{soldier,signal,package}"
5501,4584,bond,"Over time, the soldiers developed a strong ___ through shared hardship and loyalty.",bond,"{agreement,strategy,rivalry}"
5502,4589,bone,"The X-ray revealed a clean fracture in his tibia, the main ___ in his lower leg.",bone,"{muscle,tendon,artery}"
5508,4645,boot,He pulled on his hiking ___ before stepping into the muddy trail.,boots,"{sandals,slippers,mittens}"
5512,4674,born,She was ___ in Tokyo but moved to Canada when she was five years old.,born,"{taught,hired,found}"
5516,4704,bother,It doesn't ___ me if the lights are left on.,bother,"{please,anger,surprise}"
5517,4708,bottle,The baby drank all the milk from her ___ and then fell fast asleep.,bottle,"{cup,bowl,plate}"
5523,4757,bowl,"For breakfast, he filled a ___ with cereal and milk.",bowl,"{plate,glass,mug}"
5524,4764,box,The children found an old ___ filled with vintage photographs in the attic.,box,"{drawer,shelf,envelope}"
5525,4773,boy,"His parents hoped for a baby ___, as they already had three daughters.",boy,"{girl,child,adult}"
5529,4832,brand,"She is very loyal to that particular ___, buying only their cars and electronics.",brand,"{style,color,store}"
5532,4865,bread,He made a sandwich by putting ham and cheese between two slices of ___.,bread,"{cake,pie,cookie}"
5533,4872,break,Be careful with that antique vase; it's so fragile it could ___ easily.,break,"{bend,shrink,fade}"
5537,4887,breast,A mammogram is an X-ray picture used to screen for cancer in the ___ tissue.,breast,"{stomach,lung,brain}"
5542,4929,brick,The chimney was made of red ___ and needed to be cleaned before winter.,bricks,"{wood,glass,metal}"
5550,4989,broad,The river had a ___ expanse of water that stretched beyond the trees.,broad,"{narrow,shallow,murky}"
5552,4991,broadcast,"The station will ___ the emergency alert to all listeners, interrupting the current program.",broadcast,"{record,delay,censor}"
5557,5062,brown,"She stirred the melting chocolate until it became a smooth, rich ___ sauce for the dessert.",brown,"{white,sweet,thick}"
5559,5084,brush,The artist selected a fine-tipped ___ to apply the delicate details to the portrait.,brush,"{pencil,spatula,crayon}"
5563,5113,bucket,"To wash the car, he filled a ___ with soapy water and grabbed a large sponge.",bucket,"{drawer,bottle,plate}"
5570,5151,building,"The fire alarm sounded, and everyone at work evacuated the ___ within minutes.",building,"{street,park,vehicle}"
5578,5267,burn,"Be careful not to touch the hot stove, or you will ___ your hand.",burn,"{warm,heat,injure}"
5580,5287,bury,The dog dug a hole in the backyard to ___ its favorite bone.,bury,"{protect,uncover,move}"
5582,5290,bush,"The gardener trimmed the overgrown rose ___, shaping its leaves and stems into a neat sphere.",bush,"{plant,hedge,tree}"
5588,5331,butter,"To make the cookies, she creamed together the sugar and a stick of salted ___ until it was light and fluffy.",butter,"{cream,margarine,shortening}"
5598,5471,calculate,"Using the formula for speed and distance, she was able to ___ the total travel time for her journey.",calculate,"{guess,observe,decide}"
5602,5503,call,The public phone booth required a coin to make a ___.,call,"{text,contact,signal}"
5606,5571,campaign,The politician launched a vigorous ___ to increase voter turnout in rural areas.,campaign,"{debate,election,speech}"
5612,5612,candidate,The hiring committee reviewed several strong ___ before selecting the new department head.,candidates,"{employees,managers,clients}"
5620,5701,capital,Investors provided the necessary ___ to fund the new startup company's initial operations.,capital,"{advice,labor,permission}"
5625,5739,car,She left her ___ in the large parking garage at the station and took the train to work.,car,"{bicycle,scooter,motorcycle}"
5630,5825,careful,Be ___ when walking on the icy sidewalk; it's easy to slip and fall.,careful,"{quick,brave,silent}"
5632,5829,careless,A ___ mistake in the report led to incorrect conclusions being presented at the meeting.,careless,"{deliberate,final,calculated}"
5634,5887,carpet,She tripped over the edge of the ___ while rushing to answer the door.,carpet,"{tile,woodwork,stool}"
5635,5898,carriage,The royal ___ was pulled by four white horses during the ceremonial procession.,carriage,"{automobile,sled,limousine}"
5639,5925,carve,"Before serving, the chef used a sharp knife to ___ the roasted turkey into slices.",carve,"{decorate,sharpen,polish}"
5640,5935,case,The detective stored all the evidence for the ___ in a locked cabinet.,case,"{incident,hearing,trial}"
5641,5941,cash,He paid for the meal entirely in ___ to avoid using his credit card.,cash,"{credit,barter,checks}"
5643,5956,cast,The director ___ a talented ensemble to bring the story to life.,cast,"{removed,filmed,wrote}"
5644,5965,castle,"The ancient ___, once home to a powerful king, was built 300 years ago.",castle,"{museum,church,stadium}"
5648,5986,catalogue,"The museum published a comprehensive ___ detailing every piece in the exhibition, with photos and artist biographies.",catalogue,"{leaflet,poster,review}"
5650,6023,category,"In the library, books are organized by ___ such as fiction, history, and science.",category,"{title,chapter,author}"
5652,6051,cattle,"The cowboy rounded up the herd of ___, their loud mooing echoing across the range.",cattle,"{horses,sheep,bison}"
5656,6086,cave,The explorers discovered a hidden ___ behind the waterfall.,cave,"{river,mountain,forest}"
5660,6133,celebration,"The promotion was a cause for ___, so the whole team went out for dinner.",celebration,"{concern,delay,discussion}"
5665,6183,cent,"The price came to $10.99, so when he paid with a twenty-dollar bill, he didn't get a single ___ back in change.",cent,"{dollar,quarter,bill}"
5668,6215,centre,The new shopping mall was designed with a large open ___ filled with fountains and benches.,centre,"{exit,floor,corner}"
5669,6231,century,"Construction on the cathedral began in 1401 and was completed nearly a ___ later, in 1499.",century,"{decade,year,millennium}"
5671,6259,ceremony,The mayor led the ribbon-cutting ___ to officially open the new bridge to the public.,ceremony,"{party,protest,debate}"
5675,6269,certificate,The restaurant proudly displayed its health inspection ___ on the wall for all customers to see.,certificate,"{menu,recipe,degree}"
5677,6305,chair,"As the only empty seat was at the head of the dinner table, she sat in her grandfather's tall, carved-back dining ___.",chair,"{stool,bed,desk}"
5678,6306,chairman,"As ___ of the board, it was his duty to call the meeting to order and preside over the vote.",chairman,"{employee,consultant,secretary}"
5684,6336,chance,"There was only a slight ___ that her application would be accepted, but she submitted it anyway.",chance,"{guarantee,certainty,requirement}"
5685,6344,change,A sudden ___ in the weather forced them to cancel the outdoor event.,change,"{problem,delay,mistake}"
5686,6355,channel,The documentary was broadcast on the ___ dedicated to wildlife.,channel,"{screen,episode,commercial}"
5687,6362,chaos,The city streets were in ___ after the sudden power outage caused all the traffic lights to fail.,chaos,"{order,darkness,silence}"
5689,6374,chapter,The novel's most thrilling ___ begins with a sudden storm at sea.,chapter,"{cover,title,index}"
5690,6376,character,"Despite his quiet demeanor, his ___ was defined by great courage and integrity.",character,"{appearance,career,skill}"
5691,6379,characteristic,A distinctive ___ of this bird species is its bright blue plumage.,characteristic,"{habitat,diet,name}"
5697,6409,chart,"To visualize the population growth, the researcher ___ the data on a graph.",charted,"{calculated,verified,published}"
5701,6441,cheap,The store advertised its ___ prices to attract bargain hunters.,cheap,"{expensive,average,premium}"
5704,6468,cheek,A single tear rolled down her ___ as she read the letter.,cheek,"{forehead,chin,eyelid}"
5705,6472,cheer,The crowd began to ___ loudly as their team scored the winning goal.,cheer,"{mutter,whisper,groan}"
5707,6482,cheese,The pizza was topped with melted mozzarella ___ and fresh basil.,cheese,"{sauce,cream,butter}"
5709,6490,chemical,The specific ___ used in the experiment was highly reactive.,chemical,"{equipment,procedure,formula}"
5714,6527,chest,"He clutched his ___ in pain after a sudden, intense coughing fit.",chest,"{stomach,throat,head}"
5715,6546,chicken,"We heard a rooster crow, and then the ___ began to cluck and scratch in the yard.",chickens,"{pigs,sheep,cows}"
5718,6564,childhood,Learning to ride a bicycle is a classic milestone of ___ for many people.,childhood,"{infancy,adulthood,retirement}"
5720,6654,chocolate,"The rich, dark flavor of the ___ cake was balanced by a sweet raspberry filling.",chocolate,"{vanilla,lemon,carrot}"
5722,6656,choir,The festival showcased international ___ performing traditional carols.,choirs,"{soloists,orchestras,dancers}"
5723,6700,choose,You must ___ which path you will follow before the sun sets.,choose,"{walk,see,know}"
5728,6794,church,"Every Sunday, the family attended the morning service at their local ___.",church,"{library,courthouse,market}"
5730,6840,cinema,We went to the ___ to watch the premiere of the new sci-fi film.,cinema,"{gallery,stadium,library}"
5735,6898,circumstance,The police are investigating the strange ___ surrounding the man's sudden disappearance.,circumstances,"{reasons,details,theories}"
5739,6934,city,New York is a bustling ___ known for its iconic skyline and diverse culture.,city,"{country,continent,state}"
5743,6948,civilization,Archaeologists unearthed the ruins of an ancient ___ with a complex system of aqueducts and temples.,civilization,"{tradition,community,settlement}"
5748,7003,class,The university offers a ___ on modern art every Thursday.,class,"{degree,exhibit,scholarship}"
5749,7004,classic,"His vintage car, a 1957 Chevrolet, is a ___ model beloved by collectors.",classic,"{new,foreign,broken}"
5752,7016,classify,The archivist will ___ the documents by date and subject.,classify,"{read,destroy,copy}"
5753,7022,classroom,The teacher wrote the math problem on the whiteboard at the front of the ___.,classroom,"{gymnasium,library,cafeteria}"
5755,7039,clean,You must ___ your room before you can go out to play.,clean,"{build,leave,damage}"
5756,7041,cleaner,She used a powerful ___ to remove the grease stains from the stovetop.,cleaner,"{towel,brush,water}"
5759,7057,clearly,The audio on the recording was so crisp I could hear every word ___.,clearly,"{loudly,slowly,secretly}"
5760,7076,clerk,The county ___ recorded the deed for the new property in the official ledger.,clerk,"{mayor,sheriff,judge}"
5761,7078,clever,The fox devised a ___ plan to sneak into the henhouse without being detected.,clever,"{simple,risky,bold}"
5762,7082,click,The camera shutter made a distinct ___ as the photographer took the picture.,click,"{flash,whirr,snap}"
5771,7130,clock,He glanced at the ___ on the wall and was surprised to see it was already midnight.,clock,"{calendar,painting,mirror}"
5777,7164,cloth,She wiped the counter with a damp ___ to remove the crumbs.,cloth,"{sock,sleeve,handkerchief}"
5778,7167,clothes,"Before the trip, she packed a suitcase with warm ___ for the cold mountain weather.",clothes,"{blankets,towels,curtains}"
5779,7172,clothing,The store specializes in outdoor ___ for hikers and campers.,clothing,"{footwear,shelter,provisions}"
5781,7194,club,She joined the literary ___ to discuss her favorite novels each month.,club,"{class,team,choir}"
5784,7221,coach,The retired tennis champion now plans to ___ the national junior team for the upcoming international tournament.,coach,"{manage,sponsor,criticize}"
5787,7255,coast,"To save fuel, the driver took his foot off the accelerator and let the car ___ down the long hill.",coast,"{accelerate,swerve,brake}"
5789,7264,coat,"To protect the metal from rust, the manufacturer decided to ___ each part with a special polymer.",coat,"{polish,clean,bend}"
5794,7384,coin,He flipped a ___ to decide who would go first in the game.,coin,"{card,stone,token}"
5796,7387,coincidence,It was a strange ___ that we were both wearing the exact same obscure vintage t-shirt on the same day.,coincidence,"{decision,arrangement,mistake}"
5801,7430,collar,The dog's name and phone number were engraved on a small tag hanging from its ___.,collar,"{leash,paw,tail}"
5803,7439,collect,"Every spring, the volunteers ___ fresh herbs from the community garden to donate to the shelter.",collect,"{plant,water,sell}"
5804,7445,collection,The museum's new ___ of Impressionist paintings attracted thousands of visitors.,collection,"{donation,purchase,review}"
5807,7453,college,Many high school students spend their senior year applying to ___ to continue their education.,college,"{semesters,dormitories,lectures}"
5808,7468,collision,The sudden ___ between the two cars caused a minor traffic jam on the highway.,collision,"{turn,stop,merge}"
5811,7521,colour,She chose a soft pastel ___ for the bedroom walls to create a calming atmosphere.,colour,"{texture,fabric,lighting}"
5819,7561,come,"When the water started to boil, her mother called, 'Dinner is ready, ___ and get it!'",come,"{walk,run,move}"
5821,7574,comfort,"After losing the match, he found ___ in the supportive words of his coach and teammates.",comfort,"{strength,strategy,blame}"
5824,7589,command,The general gave the ___ to advance at dawn.,command,"{request,suggestion,option}"
5827,7612,comment,"During the presentation, she paused to ___ on an interesting chart shown on the screen.",comment,"{lecture,argue,debate}"
5831,7617,commercial,"The ___ success of the product surprised even the seasoned marketers, with sales far exceeding projections.",commercial,"{artistic,critical,initial}"
5834,7638,commit,"To finish the marathon, she had to fully ___ herself to a rigorous six-month training schedule.",commit,"{introduce,subject,prepare}"
5835,7639,commitment,"Building a successful startup requires a huge ___ of time, energy, and personal resources.",commitment,"{investment,display,amount}"
5836,7641,committee,The city formed a ___ to address the growing concerns about public transportation.,committee,"{protest,company,parade}"
5840,7665,communicate,It is essential for managers to ___ clearly with their employees to avoid misunderstandings.,communicate,"{negotiate,socialize,agree}"
5841,7667,communication,Effective ___ between doctors and patients improves treatment outcomes.,communication,"{medication,disagreement,research}"
5844,7694,companion,He traveled the world for a year with his dog as his only constant ___.,companion,"{passenger,partner,protector}"
5874,7789,component,The engine's most critical ___ are the pistons and the crankshaft.,components,"{functions,specifications,fluids}"
5877,7799,composition,"For his final project in music theory class, each student had to write an original ___ for a string quartet.",composition,"{biography,review,schedule}"
5884,7837,computer,"He sat down at his desk, turned on the monitor, and began typing on the keyboard connected to his ___.",computer,"{printer,modem,webcam}"
5890,7872,concept,The lecture introduced the ___ of quantum entanglement to beginners.,concept,"{history,method,application}"
5892,7879,concern,Her constant ___ for her children's safety was evident in how she supervised their play.,concern,"{ambition,preference,curiosity}"
5895,7882,concert,The orchestra's ___ was sold out within an hour of tickets going on sale.,concert,"{parade,lecture,meeting}"
5898,7907,conclusion,"After analyzing all the data, the researcher's ___ was that the new drug was ineffective.",conclusion,"{hypothesis,observation,introduction}"
5899,7920,concrete,"Instead of just opinions, the report provided ___ examples of the problem, such as sales figures and customer complaints.",concrete,"{controversial,preliminary,confidential}"
5900,7933,condemn,The international community will ___ the regime for its human rights abuses.,condemn,"{question,investigate,publicize}"
5901,7951,condition,One ___ of the contract is that payments must be made before the 15th of each month.,condition,"{signature,goal,problem}"
5904,7997,conference,Scientists from around the world gathered for the annual ___ on climate change.,conference,"{vacation,party,show}"
5908,8012,confident,"After months of training, the athlete felt ___ about breaking the record.",confident,"{relieved,curious,nostalgic}"
5911,8025,confirm,The lab results ___ that the sample contained traces of the pollutant.,confirmed,"{suggested,implied,questioned}"
5913,8036,conflict,The two committees could not work together because of a ___ over resource allocation.,conflict,"{discussion,misunderstanding,procedure}"
5916,8065,confuse,"The complex instructions tend to ___ new users, leading them to make mistakes.",confuse,"{challenge,disappoint,overwhelm}"
5920,8088,congratulate,We should ___ the graduating class for their hard work and dedication.,congratulate,"{reward,recognize,thank}"
5924,8135,connect,"The new bridge will ___ the two islands, allowing traffic to flow freely.",connect,"{power,repair,design}"
5926,8141,connection,Investigators are looking for a ___ between the two separate crimes.,connection,"{motive,coincidence,similarity}"
5932,8184,consensus,"After lengthy discussion, the committee was pleased to have reached a complete ___ on the new policy.",consensus,"{decision,compromise,vote}"
5934,8189,consequence,The police warned the youths that any vandalism would have a severe legal ___.,consequence,"{motive,precedent,penalty}"
5936,8194,conservation,The ___ of wetlands is essential for protecting biodiversity.,conservation,"{study,exploration,classification}"
5937,8197,conservative,"The museum's ___ estimate for the painting's value was one million dollars, though it could sell for much more.",conservative,"{optimistic,precise,initial}"
5939,8203,consider,"Before making a decision, it is wise to ___ all possible outcomes.",consider,"{predict,select,create}"
5942,8208,consideration,"After careful ___, the board decided to approve the new project.",consideration,"{rejection,delay,argument}"
5943,8216,consist,The research team ___ of experts from three different fields.,consists,"{dreams,thinks,approves}"
5945,8219,consistent,Her ___ work ethic impressed everyone in the office.,consistent,"{strong,positive,remarkable}"
5949,8247,constant,She felt a ___ need to check her phone for messages throughout the day.,constant,"{strong,nagging,sudden}"
5953,8260,constitution,The country's ___ was written in 1787 and has been amended many times.,constitution,"{declaration,treaty,legislation}"
5956,8276,construct,The crew will begin to ___ the new office building next month.,construct,"{design,occupy,renovate}"
5957,8277,construction,The ___ of the skyscraper is expected to finish by next summer.,construction,"{foundation,maintenance,design}"
5958,8287,consult,"Before finalizing the contract, she will ___ with a legal expert.",consult,"{argue,agree,debate}"
5959,8290,consultant,"Because the company lacked in-house expertise, they hired an external ___ to guide the project.",consultant,"{employee,director,trainee}"
5961,8295,consume,"During the hike, the hikers ___ large amounts of water to stay hydrated.",consumed,"{carried,filtered,shared}"
5965,8312,contain,The ancient chest was believed to ___ a priceless treasure.,contain,"{protect,display,represent}"
5966,8315,container,She packed her lunch in a reusable ___ to avoid using plastic bags.,container,"{plate,napkin,utensil}"
5968,8332,contemporary,The gallery featured works by ___ artists alongside classic masterpieces.,contemporary,"{emerging,acclaimed,local}"
5976,8360,continent,The tour included travel across the entire ___ of South America.,continent,"{hemisphere,nation,territory}"
5978,8370,continue,"Even after the setback, the team decided to ___ their investigation.",continue,"{begin,alter,conclude}"
5983,8415,contrary,"The evidence was ___ to the hypothesis, suggesting a different interpretation.",contrary,"{relevant,inferior,subsequent}"
5985,8420,contribute,Each member of the team was expected to ___ ideas to the brainstorming session.,contribute,"{accept,listen,take}"
5988,8433,control,The pilot must ___ the aircraft during turbulence to ensure a safe landing.,control,"{monitor,navigate,inspect}"
5989,8439,controversial,The documentary was ___ because it questioned long‑standing historical narratives.,controversial,"{informative,historical,biased}"
5991,8460,convenience,The new app offers the ___ of ordering groceries with a single tap.,convenience,"{option,ability,security}"
5992,8461,convenient,"The hotel is ___ to the airport, only a five‑minute shuttle ride away.",convenient,"{adjacent,visible,accessible}"
5994,8466,conventional,Her ___ cooking methods rely on age‑old recipes rather than modern molecular techniques.,conventional,"{reliable,authentic,simple}"
5995,8479,conversation,I had a long ___ with my friend about our plans for the summer.,conversation,"{history,silence,journey}"
5997,8494,convey,Please ___ my apologies to the host for being unable to attend the dinner party.,convey,"{state,pronounce,disclose}"
6003,8522,cook,He learned to ___ many different dishes by watching online videos.,cook,"{eat,wash,chop}"
6004,8525,cooker,She used a slow ___ to make the tender and flavorful stew.,cooker,"{blender,grill,toaster}"
6005,8528,cookie,"My favorite after-school snack is a glass of milk and a warm, chewy chocolate chip ___.",cookie,"{cake,pie,pastry}"
6007,8533,cool,"The evening breeze was refreshingly ___, a welcome relief after the hot day.",cool,"{humid,harsh,still}"
6017,8580,copy,She used the office machine to ___ the important documents before filing them.,copy,"{shred,read,sign}"
6021,8623,corner,He found an old armchair tucked away in a dusty ___ of the attic.,corner,"{center,middle,space}"
6023,8656,corporation,"As a publicly-traded ___, the company had a legal obligation to its shareholders.",corporation,"{committee,agency,household}"
6024,8669,correct,"Before the final submission, the editor's main task was to ___ any spelling and grammar mistakes.",correct,"{publish,invent,approve}"
6025,8670,correction,The newspaper printed a ___ on the front page to fix the factual error in yesterday's article.,correction,"{headline,opinion,advertisement}"
6029,8682,correspond,"The data ___ with the hypothesis, confirming the researchers' expectations.",corresponds,"{contradicts,differs,conflicts}"
6036,8753,cost,The extended warranty will ___ you an additional $50.,cost,"{save,earn,refund}"
6039,8770,cottage,Their vacation home was a charming little ___ with a thatched roof and a small garden.,cottage,"{skyscraper,warehouse,mansion}"
6040,8771,cotton,"For his summer shirts, he preferred lightweight and breathable fabrics like ___, which is derived from a plant.",cotton,"{wool,leather,fur}"
6041,8779,could,"When he was younger, he ___ run a mile in under six minutes.",could,"{must,shall,has to}"
6046,8326,count,"To get an exact total, you must carefully ___ every single vote in the ballot box.",count,"{guess,arrange,discuss}"
6047,8797,counter,He chopped vegetables on the granite kitchen ___ next to the sink.,counter,"{floor,ceiling,stool}"
6050,8853,country,"Tired of urban life, they bought a farm and moved to the ___ to enjoy a more peaceful existence.",country,"{capital,district,state}"
6051,8856,countryside,Life in the ___ is more relaxing compared to life in the city.,countryside,"{suburbs,mountains,desert}"
6054,8861,couple,The newly married ___ went on a honeymoon to Hawaii.,couple,"{pair,duo,team}"
6056,8870,course,He enrolled in an advanced mathematics ___ to improve his problem‑solving skills.,course,"{degree,hobby,department}"
6057,8875,court,The case was so complex that it had to be settled in a ___ of law.,court,"{chamber,station,office}"
6060,8896,cover,"Fortunately, our comprehensive insurance policy ___ damages from floods, so the repairs will be paid for.",covers,"{prevents,causes,ignores}"
6063,8910,cow,"The large, black-and-white animal in the field, known for producing milk and saying 'moo', is a ___.",cow,"{horse,sheep,chicken}"
6066,8991,crash,"The software ___ and displayed a blue screen with an error message, forcing a system restart.",crashed,"{died,lagged,rebooted}"
6068,9009,crazy,The constant noise from the construction site next door is driving me ___!,crazy,"{angry,anxious,tired}"
6069,9014,cream,"For the dessert, she whipped the heavy ___ with sugar until it formed stiff peaks.",cream,"{butter,yogurt,juice}"
6070,9018,create,The artist wanted to ___ a masterpiece that would be remembered for centuries.,create,"{copy,destroy,sell}"
6075,9031,creature,"You can refer to any living thing that is not a plant as a ___, especially when it is of an unknown or unfamiliar kind. ",creature,"{life,person,object}"
6078,9039,credit,The bank offers a low-interest ___ card to new customers with a good financial history.,credit,"{identity,gift,library}"
6080,9083,crew,The ship's captain gave orders to the ___ to prepare for the approaching storm.,crew,"{passengers,audience,customers}"
6081,9091,crime,Stealing from a store is a ___ that can result in fines or jail time.,crime,"{hobby,profession,favor}"
6082,9092,criminal,"After being found guilty, the convicted ___ was sentenced to ten years in prison.",criminal,"{juror,lawyer,judge}"
6084,9118,criterion,"Each applicant will be judged on a single, crucial ___: their portfolio of previous work.",criterion,"{opinion,feeling,guess}"
6091,9151,crop,"To make the subject appear larger, she decided to ___ the photo, trimming away the unnecessary edges.",crop,"{print,delete,email}"
6092,9158,cross,The pilgrims had to ___ a wide river to reach the ancient temple on the other side.,cross,"{fill,drink,circle}"
6093,9196,crowd,A large ___ gathered in the town square to watch the fireworks display.,crowd,"{organization,audience,assembly}"
6107,9324,culture,Studying abroad is a great way to experience a new ___ and learn about different ways of life.,culture,"{government,continent,species}"
6108,9339,cup,"For the traditional afternoon tea, she placed a delicate porcelain ___ and saucer at each setting.",cup,"{bowl,plate,glass}"
6109,9340,cupboard,She reached into the kitchen ___ to get a plate for dinner.,cupboard,"{refrigerator,oven,heater}"
6110,9362,cure,"After the successful treatment, the doctors declared that the patient was completely ___ and the disease was gone.",cured,"{diagnosed,infected,examined}"
6112,9370,curious,"Wanting to know what was inside the box, the ___ child carefully began to unwrap it.",curious,"{bored,angry,sleepy}"
6117,9384,curriculum,"The school board met to approve the new history ___, which outlines all the topics to be taught from grades 9 through 12.",curriculum,"{textbook,diploma,faculty}"
6118,9399,curtain,"At the end of the play, the actors took a bow as the red ___ fell.",curtain,"{door,wall,screen}"
6120,9412,cushion,The soft sand helped to ___ his fall when he jumped from the low wall.,cushion,"{cause,witness,record}"
6122,9423,custom,It is a local ___ to exchange gifts during the harvest festival.,custom,"{law,rule,order}"
6123,9426,customer,The bank teller politely assisted the next ___ in line.,customer,"{employee,manager,investor}"
6124,9434,cut,He ___ his hair short before the interview to look more professional.,cut,"{styled,combed,dyed}"
6127,9454,cycle,The four seasons make up a yearly ___ that affects agriculture and weather.,cycle,"{pattern,system,term}"
6129,9556,dad,"Like father, like son — I learned a lot from my ___ during my teenage years.",dad,"{uncle,teacher,grandpa}"
6132,9568,daily,"The newspaper is delivered to our house ___, arriving every morning with the latest headlines.",daily,"{early,promptly,reliably}"
6134,9578,dam,They built a huge ___ to hold back the river and create a reservoir for the city's water supply.,dam,"{wall,bridge,canal}"
6137,1581,dance,The ballerina began to ___ gracefully across the stage as the music started.,dance,"{walk,speak,stand}"
6140,9612,danger,The firefighter knew he was in great ___ when the roof began to collapse.,danger,"{shape,hurry,shock}"
6146,9657,data,The researchers analyzed the ___ to determine the correlation between diet and health.,data,"{subjects,equipment,funding}"
6147,9659,database,The new software allows employees to query the ___ for specific client information instantly.,database,"{folder,document,server}"
6148,9662,date,Please write today's ___ at the top of the page before you begin the test.,date,"{time,name,subject}"
6149,9670,daughter,"The king announced that his eldest ___, Princess Amelia, would one day rule the kingdom.",daughter,"{son,niece,cousin}"
6151,9682,day,There are twenty-four hours in a ___.,day,"{week,month,hour}"
6152,9702,dead,The detective confirmed the victim was ___ before the paramedics arrived.,dead,"{excited,missing,asleep}"
6153,9707,deadline,"If you miss the application ___, you will not be considered for the position.",deadline,"{interview,opportunity,process}"
6155,9713,deafen,The roar of the jet engine was loud enough to temporarily ___ anyone standing too close.,deafen,"{startle,confuse,calm}"
6158,9726,dear,You use ___ to describe someone or something that you feel affection for.,Dear,"{strange,anonymous,acquainted}"
6159,9730,death,The coroner's report officially listed the cause of ___ as a heart attack.,death,"{illness,injury,accident}"
6160,9740,debate,The two presidential candidates will participate in a televised ___ next week to discuss their policies.,debate,"{conversation,interview,conference}"
6162,9761,debt,"After months of borrowing, the company finally paid off all its ___ and regained financial stability.",debt,"{employees,investors,suppliers}"
6175,9901,decoration,"For the holiday party, they hung festive ___ like tinsel and paper snowflakes from the ceiling.",decorations,"{supplies,gifts,foods}"
6176,9912,decrease,"By using a coupon, she ___ the price of her groceries by ten percent.",decreased,"{doubled,calculated,paid}"
6179,9938,deed,"Upon purchasing the house, they received the official ___ from the seller, legally transferring ownership to them.",deed,"{key,receipt,mortgage}"
6181,9941,deep,Divers needed special equipment to explore the ___ parts of the ocean.,deep,"{sandy,coastal,warm}"
6182,9946,deeply,"The submarine dove ___ into the ocean, far below the sunlit surface.",deeply,"{quickly,silently,slowly}"
6184,9959,defeat,The general's strategy was to ___ the enemy forces before they could reach the capital.,defeat,"{strengthen,surrender,join}"
6197,10067,degree,"The temperature dropped to below zero ___ Celsius, causing the pipes to freeze.",degrees,"{points,levels,units}"
6198,10092,delay,He had to ___ his decision until he had more information.,delay,"{make,reverse,announce}"
6210,10153,demand,The workers' ___ for higher wages grew louder each day.,demand,"{praise,gratitude,apology}"
6220,10282,dentist,She visited her ___ to have the cavity filled before the holiday.,dentist,"{mechanic,accountant,librarian}"
6223,10309,department,"To return the faulty appliance, she went to the customer service ___.",department,"{lobby,warehouse,cafeteria}"
6224,10312,departure,His sudden ___ from the meeting surprised everyone.,departure,"{contribution,silence,decision}"
6225,10315,depend,The success of the project ___ on careful planning.,depends,"{fails,begins,improves}"
6231,10351,deposit,"To open the new bank account, she had to make an initial ___ of at least $100.",deposit,"{payment,fee,loan}"
6242,10453,description,"The witness gave police a detailed ___ of the suspect, including his height and clothing.",description,"{photograph,opinion,history}"
6243,10464,desert,The Sahara ___ stretches across North Africa.,desert,"{rainforest,mountain,grassland}"
6264,10576,detective,The ___ solved the baffling case by following a single overlooked clue.,detective,"{journalist,judge,witness}"
6267,10590,determination,"Her ___ to finish the marathon, despite the injury, inspired everyone at the finish line.",determination,"{hesitation,fatigue,regret}"
6268,10592,determine,Scientists ___ the age of the fossil by analyzing carbon isotopes.,determined,"{invented,questioned,ignored}"
6272,10640,development,The child's cognitive ___ was tracked through a series of problem-solving tests.,development,"{height,opinion,medicine}"
6279,10711,diagram,The textbook included a clear ___ illustrating the water cycle.,diagram,"{paragraph,equation,footnote}"
6280,10723,dialogue,The playwright was praised for writing witty and realistic ___ for the characters.,dialogue,"{scenery,costumes,soundtrack}"
6281,10728,diamond,The drill bit was tipped with an industrial ___ because it is one of the hardest known materials.,diamond,"{steel,quartz,granite}"
6282,10750,diary,"In her secret ___, she wrote about her hopes and fears, keeping it hidden under her bed.",diary,"{textbook,calendar,cookbook}"
6285,10787,dictionary,"When encountering unfamiliar words, she always consulted her ___ for definitions and pronunciation guides.",dictionary,"{novel,atlas,biography}"
6286,10799,die,"Without water for weeks in the desert heat, the traveler knew his horse would soon ___.",die,"{rest,run,drink}"
6287,10804,diet,She adopted a low‑carbohydrate ___ to improve her energy levels and lose weight.,diet,"{meal,recipe,ingredient}"
6293,10825,difficulty,He encountered unexpected ___ when trying to install the software.,difficulty,"{success,ease,permission}"
6294,10845,dig,The archaeologists ___ carefully around the ancient pottery to avoid damage.,dug,"{poured,filled,pushed}"
6296,10875,dignity,"Despite his unfair defeat, the champion maintained his ___ and congratulated the winner graciously.",dignity,"{anger,wealth,influence}"
6297,10896,dilemma,"Facing a career ___, he couldn't decide whether to accept the promotion or start his own company.",dilemma,"{opportunity,celebration,agreement}"
6298,10909,dimension,"Before buying the sofa, he carefully measured the ___ of the living room to ensure it would fit.",dimensions,"{features,surfaces,angles}"
6300,10944,dinner,"Since the restaurant only opened at 6 PM, we made reservations for ___.",dinner,"{lunch,breakfast,brunch}"
6301,10959,dip,He ___ the brush into the paint to create a smooth shade.,dipped,"{cleaned,dried,bent}"
6304,10985,direct,Could you please ___ me to the nearest train station?,direct,"{follow,bring,carry}"
6305,10987,direction,"The strong wind suddenly changed ___, blowing from the north instead of the west.",direction,"{speed,temperature,altitude}"
6307,10993,director,The ___ shouted 'Action!' to begin filming the scene.,director,"{producer,actor,screenwriter}"
6308,10996,directory,She looked up her colleague's phone number in the company's employee ___.,directory,"{handbook,newsletter,schedule}"
6309,11001,dirt,"After repotting the plant, he swept up the spilled ___ from the floor.",dirt,"{water,petals,seeds}"
6311,11003,disability,The new building has ramps and elevators to ensure it is accessible for people with ___.,disabilities,"{complaints,reservations,qualifications}"
6312,11005,disabled,The ramp was installed to help ___ customers navigate the store more easily.,disabled,"{impatient,wealthy,confused}"
6335,11143,discrimination,The new law aims to eliminate ___ in hiring practices across all industries.,discrimination,"{competition,regulation,innovation}"
6336,11150,discuss,We will ___ the proposal during tomorrow's meeting to gather feedback.,discuss,"{approve,reject,finalize}"
6337,11152,discussion,"After a lively ___, the council voted to approve the new park project.",discussion,"{election,protest,delay}"
6338,11156,disease,Vaccination has dramatically reduced the incidence of ___ that once claimed millions of lives.,disease,"{injury,allergy,symptom}"
6339,11196,disgusting,The cafeteria served ___ leftovers that made everyone lose their appetite.,disgusting,"{delicious,expensive,tasty}"
6340,11197,dish,"For the potluck, she prepared a traditional pasta ___ that had been in her family for generations.",dish,"{recipe,ingredient,utensil}"
6366,11482,district,The new school will serve students from the northern ___ of the city.,district,"{suburb,capital,building}"
6376,11555,divorce,"After years of disagreement, they finally filed for ___.",divorce,"{bankruptcy,citizenship,a patent}"
6378,11580,doctor,"After diagnosing the common cold, the ___ recommended rest and fluids.",doctor,"{pharmacist,dentist,specialist}"
6380,11591,document,He attached the relevant ___ to the email to provide more context for his proposal.,document,"{password,link,message}"
6383,11608,dog,"The man walked his two ___ in the park every morning, throwing a frisbee for them to fetch.",dogs,"{children,friends,ponies}"
6393,11702,door,"To enter the room, he had to push open one of the heavy oak ___ that creaked on its rusty hinges.",doors,"{windows,shutters,gates}"
6395,11740,dot,"To finish the letter 'i', you must place a small ___ above the line.",dot,"{circle,line,curve}"
6396,11749,double,"He put $100 on red and when it won, his money instantly ___ to $200.",doubled,"{tripled,halved,disappeared}"
6397,11754,doubt,"Even though the evidence was strong, a lingering ___ remained in the detective's mind.",doubt,"{certainty,belief,fact}"
6398,11773,down,"In a single gulp, he ___ the entire glass of water after his long run.",downed,"{sipped,spilled,filled}"
6400,11799,downstairs,"From his bedroom on the second floor, he could hear the television ___ in the living room.",downstairs,"{upstairs,outside,next door}"
6401,11802,downtown,We took the subway ___ to see a Broadway show and have dinner in Times Square.,downtown,"{uptown,crosstown,home}"
6404,11828,draft,"Before writing the final version, the author sent a rough ___ of the manuscript to her editor for feedback.",draft,"{invoice,preface,title}"
6412,11876,drawing,"Using only a pencil and paper, his ___ of the landscape captured the mountains' sharp peaks in stunning detail.",drawing,"{painting,photograph,sculpture}"
6413,11884,dream,"Last night, I had a strange ___ that I could fly over the city.",dream,"{thought,memory,plan}"
6414,11904,dress,"For her job interview, she wore a professional knee-length ___ with a matching blazer.",dress,"{blouse,skirt,trousers}"
6417,11923,drink,The flight attendant asked each passenger if they would like a ___ before the meal was served.,drink,"{snack,pillow,magazine}"
6418,11933,drive,"Since his car was in the shop, he couldn't ___ to work and had to take the bus.",drive,"{walk,fly,run}"
6421,11954,drop,"Startled by the loud noise, he accidentally ___ his phone, and it clattered to the floor.",dropped,"{tossed,set,held}"
6424,11979,drug,The doctor explained the potential side effects of the new ___ she was prescribing.,drug,"{treatment,procedure,therapy}"
6426,11990,drunk,"After consuming several glasses of wine, he began to slur his words and was clearly ___.",drunk,"{tired,sober,elated}"
6427,11995,dry,You should hang the laundry outside on the line so it can ___ in the sun.,dry,"{fade,warm,soften}"
6430,12019,duck,He had to ___ his head to avoid hitting it on the low beam in the attic.,duck,"{turn,raise,shake}"
6433,12043,dull,The lecture was so ___ that several students started discreetly checking their phones.,dull,"{long,complex,formal}"
6438,12091,during,"He checked his phone multiple times ___ the movie, annoying the people around him.",during,"{beside,after,without}"
6439,12094,dust,"After sanding the wooden table, a fine layer of ___ settled on every surface in the workshop.",dust,"{dirt,powder,grit}"
6441,12129,dynamic,The team's ___ approach to problem-solving involved constant brainstorming and adapting their strategy based on new data.,dynamic,"{consistent,cautious,methodical}"
6442,12189,each,___ of the team members was given a specific task to complete before the deadline.,Each,"{Every,All,Some}"
6443,12190,eager,"The children were ___ to open their gifts, bouncing with excitement and anticipation.",eager,"{ready,anxious,curious}"
6445,12204,early,"To get a good seat for the concert, they decided to arrive several hours ___.",early,"{soon,later,quickly}"
6446,12208,earn,You must complete all the training modules to ___ your official certification.,earn,"{receive,find,take}"
6450,12237,ease,He took a deep breath and massaged his temples to ___ the throbbing pain in his head.,ease,"{stop,ignore,prevent}"
6451,12239,easily,The weightlifter was so strong that he could lift the heavy barbell ___.,easily,"{powerfully,gently,carefully}"
6454,12250,easy,"Compared to the final exam, the first quiz of the semester was quite ___.",easy,"{short,fair,quick}"
6461,12351,edge,"He carefully placed the glass near the center of the table, away from the ___.",edge,"{corner,surface,middle}"
6463,12367,edition,The publisher released a special collector's ___ of the novel with a new foreword and leather binding.,edition,"{chapter,copy,volume}"
6464,12368,editor,The newspaper's ___ was responsible for correcting grammatical errors and ensuring articles adhered to the style guide.,editor,"{author,reporter,publisher}"
6466,12376,educate,The main goal of the museum's new exhibit is to ___ the public about marine conservation.,educate,"{entertain,remind,persuade}"
6468,12379,education,She pursued higher ___ by enrolling in a master's program at the state university.,education,"{knowledge,ambition,training}"
6470,12386,educator,"As a lifelong ___, she dedicated her entire career to teaching in underfunded elementary schools.",educator,"{student,principal,librarian}"
6471,12396,effect,The new law had a significant ___ on reducing pollution in the city.,effect,"{cause,reason,origin}"
6496,12584,elegant,"She wore an ___ gown to the gala, simple in its design yet stunningly beautiful.",elegant,"{expensive,fashionable,colorful}"
6502,12607,eleven,A standard soccer team is comprised of ___ players on the field during a match.,eleven,"{nine,ten,twelve}"
6506,12650,else,We've packed the sandwiches and the drinks; what ___ do we need for the picnic?,else,"{also,again,over}"
6513,12692,embassy,"To get a visa, the traveler had to visit the French ___ in his home country's capital.",embassy,"{parliament,cathedral,university}"
6526,12807,empire,"At its zenith, the British ___ controlled territories on every inhabited continent.",empire,"{federation,republic,alliance}"
6541,12918,end,The long meeting finally came to an ___.,end,"{intermission,opening,agreement}"
6543,12935,ending,"The movie had a surprising twist at the very ___, which no one saw coming.",ending,"{beginning,middle,preview}"
6544,12936,endless,The child's ___ questions about the universe amused the patient astronomer.,endless,"{simple,quiet,factual}"
6548,13007,enemy,"During wartime, the spy was captured by the ___ and taken prisoner.",enemy,"{commander,traitor,civilian}"
6549,13015,energy,"After running the marathon, he had no ___ left and collapsed from exhaustion.",energy,"{patience,ambition,skill}"
6562,13099,enough,She finally saved ___ money to buy the car she had always wanted.,enough,"{strong,fast,deep}"
6564,13104,enquiry,The manager sent an ___ to the supplier seeking clarification on the invoice details.,enquiry,"{payment,shipment,reminder}"
6569,13137,enter,You must ___ your password correctly to access your online account.,enter,"{place,speak,create}"
6570,13154,enterprise,Launching a new business is a risky ___ that requires careful planning and capital.,enterprise,"{vacation,hobby,routine}"
6581,13192,entrance,The grand ___ of the palace was adorned with marble columns and golden statues.,entrance,"{ceiling,balcony,basement}"
6583,13211,entry,"His visa application was denied, so he was refused ___ into the country.",entry,"{residence,citizenship,employment}"
6585,13231,environment,The company fosters a supportive work ___ where new ideas are encouraged.,environment,"{department,hierarchy,schedule}"
6590,13342,equality,"The new law promotes gender ___, ensuring that men and women receive the same pay for the same work.",equality,"{opportunity,promotion,satisfaction}"
6593,13364,equip,The expedition leader will ___ the team with specialized gear for the arctic journey.,equip,"{instruct,reassure,motivate}"
6594,13365,equipment,The firefighters checked their breathing apparatus and other safety ___ before entering the burning building.,equipment,"{belongings,uniforms,vehicles}"
6598,13441,error,A single spelling ___ in the web address will prevent the page from loading.,error,"{image,link,header}"
6599,13448,erupt,Laughter ___ from the crowd when the comedian told his final joke.,erupted,"{faded,whispered,retreated}"
6603,13513,essay,"For her history final, she had to write a 2,000-word ___ on the causes of the French Revolution.",essay,"{lecture,experiment,equation}"
6617,13674,evaluate,The teacher will ___ each student's final essay based on a clear set of criteria.,evaluate,"{compose,translate,summarize}"
6619,13697,even,He is such a good chef he can make a delicious meal with ___ the simplest ingredients.,even,"{only,once,soon}"
6620,13700,evening,"The sun began to set, casting a warm glow across the sky during the quiet ___.",evening,"{dawn,noon,midnight}"
6621,13705,event,The invention of the printing press was a pivotal ___ in human history.,event,"{period,culture,tradition}"
6622,13710,eventually,"He knew that if he kept practicing every day, he would ___ become a skilled pianist.",eventually,"{never,suddenly,rarely}"
6627,13720,everyone,The teacher took attendance to make sure ___ was present before starting the trip.,everyone,"{someone,anybody,nobody}"
6628,13721,everywhere,"She searched ___ for her lost keys, checking her car, her office, and all through the house.",everywhere,"{somewhere,carefully,upstairs}"
6629,13724,evidence,The detective gathered fingerprints and other physical ___ from the crime scene.,evidence,"{suspicion,accusation,motive}"
6633,13737,evolution,The theory of ___ explains how species adapt and change over many generations.,evolution,"{gravity,relativity,geology}"
6636,13752,exact,"To recreate the recipe perfectly, you need the ___ measurements for all the ingredients.",exact,"{approximate,original,secret}"
6637,13756,exactly,"When I said I would arrive at noon, I meant ___ at 12:00, not a minute before or after.",exactly,"{punctually,roughly,eventually}"
6642,3768,example,She gave a perfect ___ of how to solve the equation step by step.,example,"{theory,summary,opinion}"
6651,13807,exchange,The spy arranged a secret ___ of the documents for the money at midnight.,exchange,"{delivery,meeting,theft}"
6659,13861,excuse,He tried to ___ his tardiness by blaming heavy traffic.,excuse,"{cause,report,prevent}"
6663,13884,exercise,She spends an hour ___ every morning to stay healthy.,exercising,"{studying,commuting,showering}"
6666,13909,exhibition,The art gallery is hosting a new ___ featuring the works of local painters.,exhibition,"{auction,workshop,lecture}"
6668,13929,exist,"Despite the lack of fossils in this region, geological evidence suggests that unique species once ___ here.",existed,"{migrated,hunted,hibernated}"
6669,13930,existence,The discovery of water on Mars raises questions about the possible ___ of life on other planets.,existence,"{purpose,origin,evolution}"
6675,13984,expect,"Based on the official schedule, we ___ the keynote speaker to arrive at 10:00 AM.",expect,"{wish,predict,imagine}"
6676,13989,expectation,The job description set a high ___ for the candidate's performance.,expectation,"{ambition,forecast,curiosity}"
6682,14020,experience,Working as a volunteer in another country was a valuable learning ___ for her.,experience,"{holiday,job,task}"
6684,14023,experiment,"To test her hypothesis, the biologist ___ by altering the nutrient levels in the plant's soil.",experimented,"{concluded,theorized,published}"
6686,14029,expert,He is a world-renowned ___ on ancient Egyptian civilization.,expert,"{student,tourist,beginner}"
6689,14040,explain,The teacher ___ the complicated theorem using simple diagrams.,explained,"{confused,questioned,recited}"
6690,14042,explanation,She offered a detailed ___ for why the experiment failed.,explanation,"{apology,hypothesis,denial}"
6700,14077,export,The country's economy relies heavily on its ability to ___ oil to other nations.,export,"{import,purchase,refine}"
6706,14134,extension,He requested an ___ on his project deadline due to illness.,extension,"{increase,delay,advance}"
6711,14168,extra,He received ___ compensation for the overtime he worked during the holidays.,extra,"{less,no,regular}"
6717,14253,eye,"To thread the needle, you must guide the thin string through the tiny ___ at the top.",eye,"{opening,loop,point}"
6720,14291,face,The climbers prepared to ascend the steep north ___ of the mountain.,face,"{peak,ridge,base}"
6726,14326,factory,The smell of chocolate filled the air near the candy ___ where thousands of bars are made each day.,factory,"{shop,kitchen,bakery}"
6728,14339,fade,"After months of sun exposure, the bright color of the curtains slowly began to ___.",fade,"{darken,brighten,tear}"
6729,14348,fail,"Despite many attempts, the student's project ultimately ___ to meet the minimum requirements.",failed,"{managed,strived,succeeded}"
6733,14363,fairly,"The test was ___ difficult, but most students were able to pass.",fairly,"{extremely,not,very}"
6737,14385,fall,"As the temperature drops, the leaves change color and ___ from the trees.",fall,"{grow,fly,climb}"
6741,14420,family,"She loved the annual reunion with her parents, siblings, and cousins because it was important to spend time with her ___.",family,"{teachers,employers,clients}"
6743,14426,fan,"As a devoted ___ of the team, he attended every home game wearing the team's jersey.",fan,"{critic,rival,sponsor}"
6744,14438,fancy,He wore a ___ tuxedo with a silk bow tie to the formal event.,fancy,"{casual,old,simple}"
6746,14455,fantasy,"He loved reading tales of dragons, wizards, and mythical kingdoms, immersing himself in the world of ___ novels.",fantasy,"{mystery,romance,biography}"
6748,14465,fare,"Before boarding the train, you must pay the correct ___ at the ticket machine.",fare,"{fine,debt,deposit}"
6749,14468,farm,"Every summer, they would visit their grandparents' ___ to help with the chickens and the vegetable garden.",farm,"{factory,office,quarry}"
6750,14469,farmer,"The ___ worked from sunrise to sunset, plowing the fields and tending to the livestock.",farmer,"{gardener,landscaper,shopkeeper}"
6760,14526,father,Genetic testing confirmed he had ___ three children he never knew about.,fathered,"{raised,adopted,mentored}"
6761,14551,fault,"The geological report indicated a major ___ line ran directly beneath the city, posing a significant earthquake risk.",fault,"{border,ridge,canyon}"
6764,14578,favourite,"Chocolate ice cream has always been her ___ dessert, the one she chooses above all others.",favourite,"{only,latest,worst}"
6767,14602,feather,"A single, brightly colored ___ had fallen from the parrot's wing.",feather,"{talon,beak,scale}"
6772,14641,feed,The farmer scattered grain on the ground to ___ the chickens.,feed,"{call,watch,train}"
6776,14650,feeling,"Despite his logical arguments, he was overcome by a ___ of deep sadness.",feeling,"{statement,theory,calculation}"
6777,14669,fellow,He shared his notes with his ___ students to help them prepare for the exam.,fellow,"{rival,former,senior}"
6778,14678,female,"The study, which examined estrogen levels, focused exclusively on ___ participants.",female,"{male,healthy,foreign}"
6780,14689,fence,"To keep rabbits out of the garden, he built a wire-mesh ___ that was low to the ground but secure.",fence,"{wall,hedge,moat}"
6782,14746,fetch,I need to go ___ my coat from the other room before we leave.,fetch,"{move,hold,wear}"
6783,14763,fever,"The doctor took his temperature and confirmed he had a high ___, so she advised him to rest.",fever,"{pulse,illness,pain}"
6784,14767,few,The event was poorly attended; very ___ people showed up compared to what was expected.,few,"{much,every,whole}"
6790,14847,fifth,"There were four runners ahead of him, so he finished ___ in the marathon.",fifth,"{first,fourth,final}"
6791,14849,fifty,"The book contains five chapters, each ten pages long, making it ___ pages in total.",fifty,"{fifteen,five,one hundred}"
6792,14851,fight,The two boxers will ___ for the championship title in the main event tonight.,fight,"{argue,speak,meet}"
6794,14860,figure,"In the distance, a lone ___ walked along the ridge against the setting sun.",figure,"{shadow,sound,light}"
6795,14874,file,She was asked to ___ the reports chronologically in the cabinet for easy retrieval.,file,"{stack,copy,read}"
6797,14890,film,"She works in the ___ industry, hoping to become a director one day.",film,"{book,stage,radio}"
6807,14941,finger,He pointed his index ___ at the map to show them the route.,finger,"{nail,knuckle,palm}"
6809,14969,fire,The company announced it would have to ___ several employees due to severe budget cuts.,fire,"{hire,promote,train}"
6811,14980,firefighter,The brave ___ rushed into the burning building with a hose to extinguish the flames.,firefighter,"{plumber,electrician,janitor}"
6812,14995,firework,The crowd cheered as the ___ lit up the night sky on New Year's Eve.,fireworks,"{balloons,kites,lanterns}"
6817,15014,fish,"The biologist observed a small, silvery ___ darting between the anemones in the reef.",fish,"{crab,clam,shrimp}"
6819,15039,fit,The tailor adjusted the suit to ___ the client perfectly.,fit,"{wear,sew,design}"
6821,15048,five,She held up one hand to show the group she needed ___ minutes.,five,"{ten,two,three}"
6822,15051,fix,He used special glue to ___ the broken handle back onto the ceramic mug.,fix,"{paint,fill,wash}"
6825,15075,flag,"At the international summit, the ___ of each nation was displayed behind its leader.",flag,"{anthem,logo,motto}"
6826,15099,flame,The bright orange ___ of the candle danced in the slight breeze.,flame,"{wax,wick,smoke}"
6828,15123,flat,His voice was ___ and showed no emotion as he delivered the bad news.,flat,"{loud,soft,shaky}"
6834,15184,flesh,"The peach was so ripe that its sweet, juicy ___ practically melted in the mouth.",flesh,"{skin,stone,leaf}"
6837,15209,flight,The highlight of our vacation was the hot air balloon ___ over the ancient ruins at sunrise.,flight,"{drive,hike,tour}"
6839,15240,flood,"The river burst its banks, causing a massive ___ that inundated the entire valley.",flood,"{drought,storm,puddle}"
6840,15248,floor,The children sat in a circle on the living room ___ to play a board game.,floor,"{ceiling,sofa,wall}"
6841,15278,flour,"To make the dough for the bread, he first mixed the yeast and water with several cups of ___.",flour,"{sugar,salt,oil}"
6843,15285,flow,The urban planner designed the streets to improve the ___ of traffic through the city center.,flow,"{speed,sound,timing}"
6844,15287,flower,"To brighten the room, she placed a single red ___ in a thin vase on the windowsill.",flower,"{leaf,stem,root}"
6845,15298,flu,The doctor recommended getting a yearly vaccination to protect against the seasonal ___.,flu,"{cold,allergy,headache}"
6847,15351,fly,"In his dream, he was able to ___ over the city rooftops like a superhero.",fly,"{run,crawl,climb}"
6854,15415,following,"The day ___ the massive storm was calm and sunny, with no sign of the earlier chaos.",following,"{before,during,despite}"
6858,15440,foot,"He measured the length of the room by walking heel to toe, one ___ at a time.",foot,"{hand,inch,step}"
6863,15491,force,The ___ of the explosion shattered windows for several blocks around.,force,"{sound,light,heat}"
6864,15507,forecast,"Based on current sales data, the financial ___ for the next quarter is very positive.",forecast,"{history,invoice,budget}"
6866,15523,foreigner,"As a ___ in a new country, he found it challenging to adapt to the different customs and language.",foreigner,"{native,citizen,local}"
6867,15552,forest,We followed a narrow path surrounded by tall pine trees and dense undergrowth deep in the ___.,forest,"{meadow,canyon,tundra}"
6868,15563,forever,It felt like the boring meeting with endless speeches would last ___.,forever,"{briefly,sometimes,never}"
6870,15573,forget,"He tried hard to ___ the embarrassing moment, but the memory kept replaying in his mind.",forget,"{recall,cherish,imagine}"
6871,15579,forgive,"It took a long time, but she eventually decided to ___ him so she could move on.",forgive,"{punish,resent,avoid}"
6876,15603,format,The television show changed its ___ from a half-hour comedy to a full-hour drama.,format,"{channel,actor,title}"
6884,15643,fortnight,"Since we are paid bi-weekly, we receive a paycheck once every ___.",fortnight,"{decade,month,year}"
6885,15648,fortunate,He was ___ to have a supportive family that helped him through difficult times.,fortunate,"{anxious,reluctant,unaware}"
6887,15650,fortune,The psychic at the carnival offered to read her ___ for twenty dollars.,fortune,"{mind,past,character}"
6888,15651,forty,"She celebrated a major milestone birthday, marking four decades of life when she turned ___.",forty,"{thirty,fifty,sixty}"
6893,15674,found,"In 1790, the city was ___ by pioneers seeking new opportunities.",founded,"{revised,abandoned,destroyed}"
6897,15690,fourteen,"The calendar showed that the vacation was exactly two weeks away, which meant they had ___ days to pack.",fourteen,"{twelve,sixteen,eighteen}"
6903,15729,framework,The new policy provides a ___ for sustainable urban development.,framework,"{conclusion,obstacle,discussion}"
6908,15779,freedom,The constitution guarantees the ___ of speech to all citizens.,freedom,"{limitation,cost,debate}"
6918,15844,friend,"A true ___ will support you through difficult times, not just celebrate the good ones.",friend,"{acquaintance,colleague,neighbor}"
6919,15847,friendly,"The two neighboring countries have always had a ___ relationship, with open borders and trade.",friendly,"{hostile,tense,difficult}"
6920,15849,friendship,Their ___ survived many challenges and became stronger over the years.,friendship,"{rivalry,agreement,transaction}"
6921,15854,frighten,"The loud thunder ___ the young puppy, causing it to hide under the bed.",frightened,"{comforted,amused,confused}"
6924,15881,frog,"A bright green ___ hopped across the pond, startling the ducklings.",frog,"{lizard,squirrel,turtle}"
6928,15923,fruit,"For a healthy dessert, she prepared a salad of apples, bananas, and oranges, which are all types of ___.",fruits,"{vegetables,herbs,spices}"
6932,15944,fry,"To make the french fries crispy, she decided to ___ them in hot oil.",fry,"{boil,steam,roast}"
6938,15990,function,The primary ___ of the heart is to pump blood throughout the body.,function,"{size,color,location}"
6945,16015,funeral,"We attended a ___ service for the late professor, honoring his contributions to academia.",funeral,"{birthday,retirement,christening}"
6947,16031,fur,The rabbit's ___ was soft and warm against the winter chill.,fur,"{scales,shell,feathers}"
6949,16046,furniture,The new office ___ includes ergonomic chairs and standing desks.,furniture,"{stationery,software,appliances}"
6953,16076,future,Investors are optimistic about the ___ of electric vehicles.,future,"{history,origin,cause}"
6955,16138,gallery,The downtown ___ hosts a weekly showcase of local photographers.,gallery,"{library,stadium,factory}"
6956,16144,gallon,"In the United States, milk is commonly sold by the ___, which is equivalent to four quarts.",gallon,"{liter,quart,pint}"
6958,16163,game,"To win the board ___, you need to collect all the properties and bankrupt your opponents.",game,"{puzzle,race,story}"
6963,16210,garbage,"After sorting the plastic and paper, he threw the remaining non-recyclable waste into the ___ can.",garbage,"{storage,laundry,compost}"
6964,16214,garden,"He planted rows of tomatoes, cucumbers, and lettuce in the vegetable ___.",garden,"{yard,orchard,field}"
6979,16365,generation,"My grandmother's ___ grew up without the internet, which is hard for young people today to imagine.",generation,"{family,community,culture}"
6992,16496,gesture,"In a ___ of goodwill, the rival companies agreed to collaborate on a project to benefit the community.",gesture,"{contract,merger,dispute}"
6998,16563,girl,"With her pigtails flying, the young ___ chased the butterflies in the park.",girl,"{woman,man,teenager}"
7000,16574,give,Could you please ___ me that book from the top shelf?,give,"{read,throw,hide}"
7001,16593,glad,I am ___ that you arrived safely.,glad,"{anxious,doubtful,indifferent}"
7002,16608,glance,"With only a moment to spare, he could only afford a quick ___ at the report.",glance,"{study,review,analysis}"
7003,16614,glass,She carefully poured the orange juice into a tall ___ before serving breakfast.,glass,"{bottle,pitcher,saucer}"
7009,16704,glory,"The knight fought not for riches, but for the pure ___ of serving his kingdom.",glory,"{salary,comfort,leisure}"
7010,16714,glove,The surgeon carefully pulled on the sterile latex ___ before beginning the operation.,glove,"{hat,mask,boot}"
7012,16799,god,"Worshippers at the temple made offerings, hoping to earn the favor of the powerful ___.",god,"{king,priest,prophet}"
7014,16821,golden,"At sunset, the light cast a beautiful ___ glow over the entire valley.",golden,"{silver,shadowy,harsh}"
7018,16854,goodness,The saint was celebrated for her compassion and the pure ___ in her heart.,goodness,"{ambition,sorrow,logic}"
7019,16856,goods,The company's profits come from selling both tangible ___ and consulting services.,goods,"{ideas,debts,contracts}"
7022,16900,govern,The laws of physics ___ the motion of planets in our solar system.,govern,"{recommend,predict,observe}"
7024,16905,government,"The national ___ is responsible for defense, foreign policy, and federal taxation.",government,"{university,corporation,charity}"
7028,16926,grade,"After she finished the exam, the student waited anxiously for the teacher to ___ her paper and post the score.",grade,"{write,staple,return}"
7029,16934,gradually,"Over several months, he ___ recovered his strength after the serious illness.",gradually,"{instantly,publicly,rarely}"
7032,16947,gram,The delicate laboratory scale was so sensitive it could measure the weight of a single ___ of sand.,gram,"{ton,kilogram,inch}"
7033,16950,grammar,"Her essay was marked down for poor ___, with mistakes like 'he go' instead of 'he goes' and incorrect sentence structure.",grammar,"{vocabulary,handwriting,pronunciation}"
7034,16959,grand,"The palace entrance was a ___ spectacle, with towering marble columns and ornate carvings.",grand,"{modest,plain,hidden}"
7037,16977,grandma,"Like all grandparents, my ___ is fond of her grandchildren",grandma,"{grandpa,uncle,father}"
7039,16980,grandpa,"My father's father, who we all call ___, told us stories about his childhood.",grandpa,"{brother,nephew,aunt}"
7041,16992,granny,"My grandmother, a sweet old woman we affectionately call ___, taught me how to knit.",granny,"{boss,doctor,coach}"
7043,17020,graph,"To show the relationship between temperature and pressure, the student drew an x-axis and a y-axis for her ___.",graph,"{paragraph,equation,report}"
7062,17175,grocery,"She needed milk, bread, and eggs, so she stopped at the ___ store on her way home.",grocery,"{hardware,clothing,book}"
7064,17192,ground,"After the building was demolished, the lot was cleared down to the bare ___.",ground,"{sky,rooftop,basement}"
7065,17206,group,A small ___ of tourists gathered around the guide to listen to his explanation.,group,"{individual,queue,nation}"
7068,17244,guarantee,The store's policy is to ___ a full refund for any defective merchandise.,guarantee,"{propose,deny,consider}"
7069,17248,guard,She learned to ___ her feelings carefully after being hurt in the past.,guard,"{display,share,announce}"
7071,17263,guess,"Without any clues, he had to ___ the password to unlock the phone.",guess,"{remember,reset,forget}"
7072,17267,guest,"As a polite host, you should always offer a drink to any ___ who enters your home.",guest,"{employee,customer,landlord}"
7073,17272,guidance,"Lost in the wilderness, the hikers relied on the stars for ___ to find their way north.",guidance,"{entertainment,comfort,conversation}"
7074,17273,guide,"Let your conscience ___ your decisions, and you will not go wrong.",guide,"{prevent,record,reverse}"
7079,17315,gun,"The soldier was trained to assemble, clean, and accurately fire his ___.",gun,"{helmet,uniform,radio}"
7082,17349,gym,"He lifted weights, ran on the treadmill, and used the elliptical machine during his workout at the ___.",gym,"{library,cinema,cafe}"
7083,17381,habit,He had a bad ___ of biting his nails whenever he felt nervous.,habit,"{talent,memory,decision}"
7086,17434,hair,She decided to let her ___ grow long after years of keeping it short.,hair,"{nails,lashes,brows}"
7087,17457,half,"Since there were only two of us, we each took ___ of the chocolate cake.",half,"{slice,portion,share}"
7089,17468,hall,"The students lined up in the ___ outside the classroom, waiting for the bell to ring.",hall,"{chamber,foyer,lounge}"
7091,17514,hand,He held the tiny bird gently in the palm of his ___.,hand,"{fist,grip,clutch}"
7092,17515,handbag,The elegant leather ___ matched her shoes and was just large enough for her phone and keys.,handbag,"{suitcase,briefcase,duffel bag}"
7093,17526,handful,She grabbed a ___ of berries from the bowl and ate them as a snack.,handful,"{portion,measure,quantity}"
7097,17564,hang,"Colorful lanterns ___ from the ceiling, illuminating the festive market.",hung,"{rested,leaned,floated}"
7100,17599,happiness,"Winning the lottery brought him immense wealth, but he soon realized it didn't guarantee ___.",happiness,"{sadness,trouble,anxiety}"
7103,17611,harbour,The small fishing village was built around a natural ___ that protected boats from the open sea.,harbour,"{coastline,estuary,peninsula}"
7105,17629,hardly,There was so much noise that I could ___ hear what he was saying.,hardly,"{loudly,clearly,softly}"
7112,17695,hat,"To protect his face from the sun, he wore a wide-brimmed ___.",hat,"{shirt,glasses,scarf}"
7116,17726,have,We ___ no choice but to cancel the event due to the severe weather.,have,"{made,get,see}"
7118,17754,head,"As team captain, it was her responsibility to ___ the project and delegate tasks.",head,"{start,join,finish}"
7119,17755,headache,The constant loud noise from the construction site gave him a throbbing ___.,headache,"{sore throat,stomachache,fever}"
7120,17771,headline,"The huge, bold text at the top of the article was a shocking ___: 'Mayor Resigns!'",headline,"{summary,paragraph,footnote}"
7123,17803,health,She went to the doctor for a check-up to ensure her overall ___ was good.,health,"{mood,appearance,attitude}"
7125,17807,healthy,Eating a balanced diet with plenty of fruits and vegetables is a ___ habit.,healthy,"{tasty,common,simple}"
7127,17811,hearing,The judge scheduled a court ___ to listen to testimonies from both sides.,hearing,"{conference,session,trial}"
7129,17836,heat,"The sun's rays began to ___ the pavement, making it hot to the touch.",heat,"{melt,burn,dry}"
7132,17850,heaven,"In many religions, it is believed that good people go to ___ after they die.",heaven,"{fate,destiny,eternity}"
7135,17886,heel,"The back part of her shoe was rubbing against her ___, causing a painful blister.",heel,"{toe,arch,sole}"
7136,17897,height,"He was afraid of ___s, so he avoided standing near the edges of tall buildings.",height,"{crowds,spiders,noises}"
7138,17914,helicopter,The news crew filmed the traffic from a ___ with large rotating blades on top.,helicopter,"{jet,glider,blimp}"
7140,17931,hello,"As the official greeter, his job was to say '___' to every customer who entered the store.",hello,"{farewell,later,thanks}"
7141,17933,helmet,"For safety, construction workers are required to wear a hard ___ on the job site to protect their heads.",helmet,"{hat,cap,vest}"
7145,18063,her,"Susan did an excellent job, so the manager praised ___ for her outstanding performance.",her,"{him,them,us}"
7146,18066,herb,"She grew basil, parsley, and rosemary in her kitchen ___ garden.",herb,"{flower,fruit,root}"
7147,18083,here,I've been looking all over for my keys and they were right ___ in my pocket the whole time.,here,"{there,somewhere,elsewhere}"
7150,18126,hers,That book belongs to Mary. It is ___.,hers,"{her,she,his}"
7152,18133,hesitate,"When the recruiter offered her the job on the spot, she didn't ___ to accept.",hesitate,"{decline,forget,manage}"
7153,18173,hey,"'___, that's my bike!' she yelled at the person who was trying to ride away on it.",hey,"{wow,oops,please}"
7155,18193,hide,"During the game of hide-and-seek, the children would ___ behind the large oak tree to avoid being found.",hide,"{jump,shout,climb}"
7157,18210,high,"The eagle built its nest on a ___ cliff, far above the valley floor.",high,"{rocky,shady,secluded}"
7160,18228,highway,The speed limit on this major ___ connecting the two cities is 70 miles per hour.,highway,"{boulevard,driveway,path}"
7162,18240,hill,We walked up the gentle slope of the grassy ___ to have a picnic overlooking the town.,hill,"{canyon,meadow,riverbank}"
7167,18283,hire,"To fill the vacancy, the company ___ a new manager with external experience.",hired,"{trained,consulted,interviewed}"
7172,18317,history,"He was fascinated by the study of past events, so he chose to major in ___.",history,"{physics,psychology,biology}"
7173,18320,hit,The band's new single was a massive commercial success and a huge ___ on the music charts.,hit,"{sound,track,release}"
7174,18351,hobby,"He enjoyed painting not as a job, but as a relaxing ___ he pursued in his free time.",hobby,"{skill,craft,chore}"
7176,18371,hold,She nervously ___ her breath as the judges announced the winner.,held,"{caught,lost,took}"
7179,18379,hole,He used a shovel to dig a deep ___ in the backyard to plant the new tree.,hole,"{trench,grave,well}"
7180,18382,holiday,The office will be closed next Monday in observance of the national ___.,holiday,"{break,weekend,ceremony}"
7182,18417,holy,"Pilgrims traveled for weeks to visit the ___ site, which was believed to have healing powers.",holy,"{secular,ancient,remote}"
7183,18419,home,"Even after traveling to many beautiful places, she always felt a sense of comfort and belonging when she returned ___.",home,"{abroad,away,there}"
7184,18453,homework,"After school, he couldn't play with friends until he had finished all of his assigned ___.",homework,"{chores,reading,lessons}"
7188,18513,honey,"Bees produce a sweet, sticky liquid called ___ which people often use to sweeten their tea.",honey,"{nectar,syrup,pollen}"
7189,18532,honour,It was a great ___ to be invited to speak at the international conference.,honour,"{pleasure,privilege,opportunity}"
7190,18544,hook,She ___ the fish with a sharp tug on the line as soon as the float went under.,hooked,"{netted,lured,spotted}"
7191,18559,hope,"Despite the mounting difficulties, the negotiators still held out ___ for a peaceful resolution.",hope,"{patience,desire,demand}"
7192,18560,hopeful,"Even after losing the first game, the team was ___ that they could still win the championship.",hopeful,"{anxious,ready,calm}"
7200,18626,hospital,"After the major car accident, he was taken to the ___'s emergency room for treatment.",hospital,"{clinic,hospice,office}"
7201,18633,host,"As the ___ of the dinner party, it was her responsibility to provide the food and drink for the guests.",host,"{chef,guest,organizer}"
7206,18644,hotel,"The large, multi-story ___ offered many amenities, including a swimming pool, a gym, and room service.",hotel,"{motel,guesthouse,lodge}"
7207,18660,hour,"Each class is fifty-five minutes long, so it lasts for almost a full ___.",hour,"{moment,day,week}"
7208,18663,house,They bought a plot of land and hired an architect to design their dream ___ with a big yard.,house,"{condo,studio,apartment}"
7219,18788,humour,His ability to see the funny side of any situation showed he had a great sense of ___.,humour,"{timing,joy,logic}"
7220,18798,hundred,"The book had ninety-nine pages, so it was just under one ___ pages long.",hundred,"{dozen,score,thousand}"
7223,18811,hunt,Lions often ___ in packs to bring down large prey like zebra.,hunt,"{graze,migrate,sleep}"
7233,19160,idea,It all started with a simple ___: what if cars could fly?,idea,"{fact,question,conclusion}"
7237,19179,identification,The police officer asked to see some form of ___ to confirm his name and address.,identification,"{permission,documentation,credentials}"
7239,19185,identity,"He moved to a new city and changed his name, hoping to create a completely new ___ for himself.",identity,"{attitude,reputation,lifestyle}"
7246,19256,illegal,"Because he was driving over the speed limit, he was engaging in an ___ activity.",illegal,"{unwise,unusual,unpopular}"
7247,19273,illness,"She contracted a mysterious tropical ___ while on vacation, which caused a high fever and fatigue.",illness,"{condition,injury,wound}"
7269,19565,import,"To build its new line of smartphones, the country's ___ of high-tech components from abroad has surged.",import,"{export,design,assembly}"
7270,19566,importance,The ___ of regular exercise cannot be overstated for long-term health.,importance,"{difficulty,cost,novelty}"
7273,19580,impossible,"With the bridge washed out by the flood, crossing the raging river by car was completely ___.",impossible,"{inconvenient,unauthorized,unexpected}"
7276,19605,impression,His firm handshake and direct eye contact made a strong first ___ on the hiring committee.,impression,"{demand,question,biography}"
7286,19713,inch,"The shelf was too high by just a tiny amount, so he lowered it by a single ___.",inch,"{foot,meter,mile}"
7288,19752,incident,Security was called to handle a minor ___ in which two customers were arguing loudly.,incident,"{celebration,agreement,transaction}"
7295,19849,incorrect,The student's answer was marked as ___ because the final calculation was factually wrong.,incorrect,"{incomplete,creative,unusual}"
7301,19905,indeed,The results of the experiment were ___ even better than we had anticipated.,indeed,"{rarely,hypothetically,eventually}"
7303,19928,independent,"As an ___ contractor, she sets her own work hours and is not a direct employee of the company.",independent,"{temporary,essential,overseas}"
7305,19941,indicate,The flashing red light on the dashboard began to ___ that the car was running out of oil.,indicate,"{guarantee,conceal,prevent}"
7317,20048,industry,"The tourism ___ is a major source of revenue for the coastal town, employing hundreds of people.",industry,"{corporation,government,landscape}"
7328,20191,influence,A good mentor's guidance can greatly ___ a young person's career choices for the better.,influence,"{predict,reverse,forbid}"
7331,20199,inform,The public health agency's role is to ___ citizens about potential health risks.,inform,"{question,entertain,isolate}"
7333,20206,information,"The website provides detailed ___ on all of the city's attractions, including hours and admission fees.",information,"{opinions,warnings,questions}"
7346,20320,injure,He tried to lift the heavy box with his back instead of his legs and was afraid he would ___ himself.,injure,"{strengthen,prepare,balance}"
7348,20324,injury,The player had to leave the game due to a leg ___ that required immediate medical attention.,injury,"{weakness,fatigue,technique}"
7350,20326,ink,The old fountain pen wouldn't write because its cartridge was completely out of ___.,ink,"{lead,polish,pressure}"
7359,20431,insert,"To start the car, you must first ___ the key into the ignition.",insert,"{bend,copy,display}"
7364,20451,insist,"Despite our offers to help pay, she would ___ on covering the entire bill herself.",insist,"{hesitate,forget,decline}"
7375,20501,instead,"We had no sugar for our coffee, so we used honey ___.",instead,"{therefore,afterwards,already}"
7381,20519,instruction,Please follow the on-screen ___ to complete the software installation.,instructions,"{permissions,graphics,summaries}"
7387,20556,insurance,"Before approving the mortgage, the bank required proof of property ___ to protect against fire or flood damage.",insurance,"{ownership,valuation,maintenance}"
7397,20607,intend,"The architects ___ for the new library to be an open, welcoming space for the entire community.",intend,"{regret,neglect,forget}"
7408,20674,interest,He has a keen ___ in antique maps and spends his weekends visiting old bookstores.,interest,"{investment,dislike,talent}"
7419,20759,internet,"Our flight offers in-flight access to the ___, so you can browse websites and check your email.",internet,"{cockpit,engine,fuselage}"
7423,20830,interval,"During the brief ___ between the two acts of the play, the audience went to the lobby for refreshments.",interval,"{conflict,climax,introduction}"
7426,20840,interview,"For the feature article, the reporter was scheduled to ___ the famous actor about his new film.",interview,"{criticize,direct,impersonate}"
7428,20861,into,She carefully poured the hot soup from the pot ___ the bowl without spilling a drop.,into,"{onto,without,beside}"
7430,20942,introduce,"At the gala, the host will ___ the distinguished guests to the audience.",introduce,"{question,ignore,criticize}"
7431,20945,introduction,The ___ of the report provides an overview of the research methods.,introduction,"{appendix,index,glossary}"
7434,21009,invent,Thomas Edison is famous for the many useful devices he was able to ___.,invent,"{purchase,operate,repair}"
7435,21010,invention,The light bulb was a pivotal ___ that changed how people live and work.,invention,"{document,speech,theory}"
7444,21053,invite,"For her wedding, she plans to ___ over two hundred friends and family members.",invite,"{visit,gather,interview}"
7449,21130,iron,He used the hot ___ to press the wrinkles out of his shirt.,iron,"{dryer,hanger,brush}"
7460,21297,its,The company announced ___ profits had doubled in the last quarter.,its,"{his,her,their}"
7462,21308,jacket,"It was a chilly autumn day, so she put on a light ___ over her sweater.",jacket,"{swimsuit,sandal,glove}"
7464,21329,jam,"For breakfast, he likes to spread strawberry ___ on his toast.",jam,"{cheese,mustard,gravy}"
7466,21381,jeans,She preferred wearing a comfortable pair of blue ___ with a t-shirt on weekends.,jeans,"{slacks,skirts,overalls}"
7467,21417,jet,The roar of the ___ engine was deafening as the aircraft prepared for takeoff.,jet,"{propeller,diesel,steam}"
7469,21461,job,He was tired of his low-paying ___ and started looking for new career opportunities.,job,"{hobby,family,vacation}"
7470,21487,join,New members must pay a fee to ___ the organization.,join,"{separate,observe,lead}"
7472,21496,joke,"His story was so outrageous it had to be a ___, as it couldn't possibly be true.",joke,"{fact,rule,law}"
7475,21519,journalist,"As a ___, her main duties were to research stories, conduct interviews, and write articles for the newspaper.",journalist,"{novelist,librarian,lawyer}"
7476,21523,journey,"Their ___ to the remote mountain peak was long and arduous, taking several weeks on foot.",journey,"{commute,stroll,errand}"
7477,21528,joy,She felt a great sense of ___ when she was finally reunited with her long-lost family.,joy,"{pride,relief,curiosity}"
7478,21544,judge,"As a literary competition ___, he had to read hundreds of novels to select the winner of the annual prize.",judge,"{author,publisher,character}"
7479,21545,judgement,Driving after drinking alcohol shows extremely poor ___ and puts many lives at risk.,judgement,"{motivation,courage,patience}"
7483,21576,jump,The athlete had to ___ over a series of high hurdles to finish the race.,jump,"{crawl,walk,stand}"
7489,21608,just,The court's ruling was seen as a ___ and fair outcome by most legal experts.,just,"{hasty,confusing,lengthy}"
7490,21609,justice,The organization fights for social ___ and equality for all people.,justice,"{commerce,entertainment,science}"
7494,21685,keep,"After you pay for the item, you should ___ the receipt for your records.",keep,"{forget,sell,break}"
7497,21734,keyboard,He attached a ___ to his tablet so he could type his report on a physical set of keys.,keyboard,"{monitor,printer,microphone}"
7498,21747,kick,The soccer player lined up the ball and gave it a powerful ___ toward the goal.,kick,"{throw,push,nudge}"
7499,21756,kid,The mother goat watched carefully as her newborn ___ took its first wobbly steps.,kid,"{chick,pup,cub}"
7502,21765,kill,The harsh frost during the night will ___ any sensitive plants left uncovered in the garden.,kill,"{grow,water,revive}"
7504,21781,kilometre,"Since a ___ is made up of 1,000 meters, the 5k race is 5,000 meters long.",kilometre,"{centimetre,millimetre,inch}"
7505,21797,kind,It was very ___ of him to help the elderly woman carry her heavy groceries.,kind,"{strange,necessary,unusual}"
7506,21822,king,"The ___ wore a golden crown and sat on a magnificent throne, ruling over his entire land.",king,"{knight,merchant,jester}"
7507,21823,kingdom,"In the fairy tale, the brave knight had to travel across the entire ___ to rescue the princess.",kingdom,"{village,castle,forest}"
7508,21842,kiss,"As a sign of respect in that culture, he bent his knee to ___ the monarch's offered ring.",kiss,"{shake,drop,wash}"
7510,21848,kitchen,She washed the vegetables in the sink and started preparing dinner on the ___ counter.,kitchen,"{office,bedroom,living room}"
7511,21872,knee,"The soccer player had to leave the game after an injury to his ___, the joint that connects the thigh and the lower leg.",knee,"{wrist,shoulder,neck}"
7513,21893,knock,"I heard a loud ___ at the front door, so I went to see who was there.",knock,"{song,whisper,sound}"
7514,21903,know,"By the time the meeting started, she already ___ what would be discussed.",knew,"{forgot,guessed,wondered}"
7515,21909,knowledge,A good encyclopedia contains a vast amount of ___ on a wide variety of subjects.,knowledge,"{opinions,rumors,secrets}"
7517,21957,lab,The scientist put on her safety goggles before mixing the chemicals in the ___.,lab,"{library,cafeteria,auditorium}"
7520,21975,labour,Building the ancient pyramids required the manual ___ of thousands of workers over many decades.,labour,"{permission,attention,leisure}"
7521,21993,lack,His ___ of experience was evident when he made several basic mistakes during his first week.,lack,"{source,type,display}"
7523,22017,ladder,"Because the books were on the highest shelf, he needed a ___ with several rungs to reach them.",ladder,"{chair,box,stool}"
7524,22026,lady,The knight swore a solemn oath to protect the noble ___ of the castle from any harm.,lady,"{dragon,blacksmith,treasury}"
7525,22042,lake,"We rented a small boat to go fishing on the large, freshwater ___.",lake,"{ocean,puddle,brook}"
7528,22080,land,The plane prepared to ___ at the international airport after a long flight.,land,"{depart,circle,climb}"
7534,22113,language,He studied the ancient ___ to decipher the inscriptions on the temple walls.,language,"{culture,history,art}"
7535,22128,lap,The toddler sat comfortably on his mother's ___ as she read him a story.,lap,"{chest,back,head}"
7539,22176,laser,"The engineer used a focused beam of light, known as a ___, to etch a microscopic pattern onto the silicon wafer.",laser,"{spotlight,microscope,flashlight}"
7543,22196,later,We'll discuss the budget details ___ in the meeting; let's focus on the main strategy now.,later,"{before,previously,initially}"
7545,22227,laugh,The comedian's joke was so funny that the audience couldn't help but ___ out loud.,laugh,"{groan,gasp,frown}"
7546,22234,laughter,The comedian's witty observations were met with loud bursts of ___ from the delighted crowd.,laughter,"{heckling,booing,questions}"
7556,22308,leader,"A true ___ inspires their team to achieve greatness, not just manage tasks.",leader,"{employee,assistant,follower}"
7561,22317,league,She felt she was out of her ___ competing against professional athletes.,league,"{comfort,skill,category}"
7562,22319,leak,They discovered a slow ___ in the gas tank that was causing a dangerous buildup of fumes.,leak,"{hole,crack,opening}"
7565,22331,learn,It takes years for a child to ___ how to speak their native language fluently.,learn,"{repeat,practice,imitate}"
7567,22343,least,"Of all the options presented, the ___ expensive one was the most practical.",least,"{less,most,more}"
7569,22349,leave,"When the fire alarm sounded, everyone was instructed to ___ the building immediately.",leave,"{enter,remain in,gather in}"
7570,22364,lecture,"For the final exam, we had to review notes from every ___ the history professor gave in the large auditorium.",lecture,"{discussion,debate,workshop}"
7572,22387,leg,The table was unstable because one ___ was shorter than the others.,leg,"{top,edge,corner}"
7574,22389,legal,It is not ___ to drive a car without a valid driver's license.,legal,"{safe,wise,normal}"
7582,22443,lemon,"For the pie, she needed the sour juice and yellow zest from a ___.",lemon,"{melon,peach,pear}"
7590,22494,lesson,Today's history ___ focused on the causes of the American Revolution.,lesson,"{chapter,assignment,test}"
7594,22530,level,Use the spirit ___ to ensure the shelf is perfectly horizontal before you attach it to the wall.,level,"{ruler,hammer,wrench}"
7601,22608,license,The city will not ___ a restaurant that fails its health inspection.,license,"{open,fund,promote}"
7604,22560,lie,He knew the truth but told a deliberate ___ to avoid getting into trouble.,lie,"{fable,myth,tale}"
7608,22652,lifetime,Winning the Nobel Prize was the achievement of a ___ for the dedicated researcher.,lifetime,"{moment,year,decade}"
7612,22688,like,"Since he always chooses vanilla ice cream over any other flavor, it is clear he ___ it.",likes,"{dislikes,tolerates,ignores}"
7614,22693,likely,"Given their undefeated record, it is highly ___ that they will make the playoffs.",likely,"{unusual,questionable,unexpected}"
7617,22717,limit,"The speed ___ on this highway is 65 miles per hour, and exceeding it results in a fine.",limit,"{suggestion,goal,average}"
7623,22776,link,A weak ___ in the chain caused it to break under the strain.,link,"{hook,knot,joint}"
7624,22785,lion,"The male ___ is easily recognizable by its impressive, shaggy mane.",lion,"{tiger,leopard,cheetah}"
7627,22836,list,"To make sure he didn't forget anything at the supermarket, he wrote a long ___ of groceries on a notepad.",list,"{recipe,paragraph,note}"
7628,22838,listen,The coach told the players to ___ carefully to the referee's instructions.,listen,"{respond,object,adhere}"
7635,22887,litre,"In Europe, gasoline is usually sold by the ___, a metric unit of volume.",litre,"{gallon,quart,pint}"
7636,22888,litter,The sign at the park entrance warned visitors of a large fine for leaving ___ behind.,litter,"{belongings,food,equipment}"
7638,22897,live,Fish cannot ___ for very long out of water.,live,"{breathe,swim,see}"
7642,22918,load,"Before starting the washing machine, she put in a full ___ of clothes.",load,"{pile,stack,bundle}"
7649,22965,lock,"Before leaving for vacation, it's important to ___ all the doors and windows.",lock,"{paint,open,break}"
7656,23062,look,"If you don't know the word's meaning, you should ___ it up in a dictionary.",look,"{find,see,get}"
7661,23096,lorry,"In the UK, a large, heavy vehicle used for transporting goods is often called a ___.",lorry,"{wagon,van,coach}"
7662,23097,lose,"She was afraid she would ___ her way in the unfamiliar, winding streets of the old city.",lose,"{turn,find,make}"
7663,23100,loss,The death of her beloved pet was a terrible ___ for the whole family.,loss,"{problem,change,event}"
7665,23102,lot,They bought a vacant ___ on the edge of town where they plan to build their dream house.,lot,"{field,patch,zone}"
7669,23117,lounge,"On Sunday mornings, he liked to ___ on the sofa with a cup of coffee and the newspaper.",lounge,"{work,read,think}"
7673,23142,low,"He hung the picture frame too ___, so it was almost touching the top of the sofa.",low,"{crooked,straight,high}"
7681,23235,lunch,I usually eat a light ___ around noon to keep my energy up for the afternoon.,lunch,"{breakfast,dinner,supper}"
7683,23242,lung,"After running up the stairs, he was breathing heavily, his ___ working hard to get enough oxygen.",lungs,"{muscles,heart,limbs}"
7688,23403,mad,She became ___ when she discovered her bike had been stolen.,mad,"{calm,happy,surprised}"
7689,23405,madam,"Beginning the formal letter to the unknown female recipient, he wrote, 'Dear ___,' to show respect.",madam,"{lady,woman,miss}"
7690,23427,magazine,"She enjoyed flipping through the glossy pages of the fashion ___, looking at photos of new clothing styles.",magazine,"{brochure,catalog,flyer}"
7691,23431,magic,"In the fantasy story, the wizard used ___ to turn the prince into a frog.",magic,"{science,logic,force}"
7697,23480,mail,"The postal worker delivered a large stack of ___ containing bills, letters, and advertisements.",mail,"{paper,notes,forms}"
7698,23486,main,"While she had several hobbies, her ___ interest was landscape photography.",main,"{only,best,real}"
7699,23489,mainland,He took a short ferry ride from the small island to the ___ to buy supplies.,mainland,"{continent,country,city}"
7704,23510,major,"Because the repairs were so expensive and widespread, the governor declared the flood a ___ disaster.",major,"{slight,local,brief}"
7705,23512,majority,"Since over fifty percent of the members voted in favor, the proposal was passed by a clear ___.",majority,"{minority,fraction,handful}"
7711,23615,manage,"Even with a heavy workload and tight deadlines, she was somehow able to ___ all her projects effectively.",manage,"{begin,forget,combine}"
7713,23619,manager,The restaurant ___ greeted guests at the door and ensured their tables were ready.,manager,"{chef,cleaner,customer}"
7719,23683,manner,It is considered bad ___ to talk with your mouth full of food.,manners,"{habits,rules,ideas}"
7724,23722,many,___ people attended the concert despite the rain.,many,"{much,little,each}"
7725,23725,map,"To navigate the ancient city's narrow streets, they used detailed ___.",maps,"{photographs,histories,postcards}"
7726,23734,marathon,She trained for months to run the entire 26.2 miles of her first ___.,marathon,"{triathlon,sprint,relay}"
7727,23739,march,The protesters ___ through the city streets demanding climate action.,marched,"{sat,stood,waited}"
7731,23776,mark,The treasure map ___ the spot with a large X.,marked,"{concealed,described,ignored}"
7733,23781,market,Farmers gather every Saturday at the ___ to sell their fresh produce.,market,"{farm,field,barn}"
7736,23807,marriage,"The couple celebrated their golden anniversary, fifty years of a happy ___.",marriage,"{engagement,honeymoon,vow}"
7737,23809,married,"After the ceremony, the ___ couple danced under the twinkling lights.",married,"{engaged,divorced,separated}"
7738,23813,marry,They went to the courthouse to legally ___ and become spouses.,marry,"{propose,engage,celebrate}"
7742,23866,mass,"Using a balance scale, the physicist determined the object's ___, which is the amount of matter it contains.",mass,"{color,temperature,shape}"
7746,23905,match,"The tennis ___ lasted three hours, with both players showing incredible skill.",match,"{goal,point,serve}"
7749,23916,material,"The sculptor carved the statue from a block of an unknown ___, which was as hard as granite.",material,"{concept,inspiration,tool}"
7752,23935,mathematics,"She enrolled in a ___ course to study algebra, geometry, and calculus.",mathematics,"{history,literature,art}"
7754,23958,matter,"Solid, liquid, and gas are the three primary states of ___.",matter,"{energy,space,time}"
7758,23992,may,"According to the rules, students ___ use a calculator during the exam.",may,"{must,can't,shouldn't}"
7765,24030,means,"The project was ambitious, but the company lacked the financial ___ to fund it.",means,"{will,vision,leadership}"
7767,24033,meanwhile,"The hero searched for the key; ___, the villain was setting the trap.",meanwhile,"{therefore,however,before}"
7768,24038,measure,"Before cutting the fabric, the tailor used a tape to ___ the client's waist.",measure,"{fold,iron,sew}"
7774,24067,medal,The soldier wore the ___ for bravery pinned to the chest of his uniform.,medal,"{trophy,plaque,cup}"
7775,24075,media,"Information is now spread through various forms of ___, including television, print, and the internet.",media,"{opinion,culture,art}"
7778,24104,medicine,"To cure the infection, the doctor gave him a prescription for a strong ___.",medicine,"{procedure,diagnosis,symptom}"
7782,24131,meet,The two business rivals agreed to ___ to negotiate a compromise.,meet,"{argue,compete,disagree}"
7783,24133,meeting,The manager scheduled a brief ___ with her team to go over the daily tasks.,meeting,"{holiday,lunch,vacation}"
7786,24213,member,Each new ___ must sign the code of conduct before joining the club.,member,"{applicant,stranger,opponent}"
7791,24229,memorial,The family made a donation to the library as a ___ to their late grandmother.,memorial,"{funeral,grave,inheritance}"
7792,24239,memory,"Even years later, the ___ of her graduation day was still vivid in her mind.",memory,"{dream,thought,feeling}"
7793,24283,mental,Chess is a game that requires immense focus and ___ agility.,mental,"{physical,social,financial}"
7794,24290,mention,"He didn't want to make a big deal of it, so he decided to only briefly ___ his award.",mention,"{announce,proclaim,broadcast}"
7796,24297,menu,We asked the waiter for the ___ so we could decide what to order.,menu,"{bill,recipe,reservation}"
7797,24313,merchant,"In the age of sail, a wealthy ___ could make a fortune by trading silk and spices between continents.",merchant,"{sailor,explorer,pirate}"
7800,24326,merely,She wasn't intentionally being rude; she was ___ stating the facts as she saw them.,merely,"{loudly,angrily,falsely}"
7804,24374,mess,"After his art project, the child had made a huge ___ with paint and glitter all over the floor.",mess,"{statement,improvement,masterpiece}"
7805,24375,message,She left a hurried ___ on the answerphone before rushing out.,message,"{letter,email,text}"
7807,24413,metal,"The blacksmith heated the ___ until it glowed red, then hammered it into the shape of a sword.",metal,"{wood,stone,clay}"
7809,24474,method,Her ___ for baking bread involved a slow fermentation process that took two days.,method,"{ingredient,appetite,reason}"
7811,24500,metre,The metric system uses the ___ as its base unit for measuring length.,metre,"{gram,litre,second}"
7815,24668,might,"I don't know my plans for sure, but I ___ go to the movies later.",might,"{must,will,have to}"
7817,24682,mild,The doctor said his symptoms were ___ and would likely clear up within a few days without medication.,mild,"{acute,severe,chronic}"
7818,24686,mile,"A marathon is a long-distance race of just over 26 ___, a challenge for even seasoned runners.",miles,"{laps,meters,circuits}"
7822,24706,milk,The farmer connected the machine to the cow's udders to collect the fresh ___.,milk,"{cream,water,whey}"
7825,24729,million,"With a population of over eight ___, New York City is the most populous city in the United States.",million,"{thousand,billion,hundred}"
7827,24763,mine,"To find gold, the prospectors had to dig a deep ___ into the side of the mountain.",mine,"{cave,trench,well}"
7835,24815,ministry,"After years of study at the seminary, he was finally ready to begin his ___ in the local church.",ministry,"{career,profession,service}"
7840,24852,mirror,"To check her reflection before the interview, she quickly glanced in the rearview ___ of her car.",mirror,"{window,dashboard,console}"
7845,24985,missile,The fighter jet locked onto its target and fired a heat-seeking ___.,missile,"{cannonball,arrow,bullet}"
7848,25004,mistake,Forgetting to carry the one was a simple ___ that threw off the entire budget.,mistake,"{success,solution,inquiry}"
7849,25048,mix,I like to ___ peanuts and raisins to create my own trail snack.,mix,"{separate,arrange,dissolve}"
7851,25053,mixture,"The trail mix was a tasty ___ of nuts, dried fruit, and chocolate chips.",mixture,"{solution,element,solid}"
7864,25171,moment,There was a tense ___ of silence after the announcement as everyone absorbed the news.,moment,"{period,era,age}"
7866,25177,mommy,"'I want my ___!' cried the little girl after scraping her knee, looking for the woman who gave birth to her.",mommy,"{dolly,puppy,blanket}"
7870,25222,monkey,"Known for its long, prehensile tail which it uses to swing from branches, the spider ___ is a marvel of agility.",monkey,"{gorilla,sloth,koala}"
7873,25304,month,"Because February is the shortest ___, it often feels like it goes by the quickest.",month,"{season,week,year}"
7875,25307,monument,The city erected a large stone ___ in the central square to commemorate the nation's founders.,monument,"{building,fountain,garden}"
7878,25345,moral,The fable of 'The Boy Who Cried Wolf' teaches a clear ___ about the importance of telling the truth.,moral,"{plot,character,setting}"
7880,25364,more,"If you add two apples to the three you already have, you will have ___ apples in total.",more,"{fewer,some,equal}"
7884,25432,most,"Of all the runners, she was the ___ talented, easily winning every race she entered.",most,"{least,less,more}"
7886,25439,mother,A lioness is a fierce ___ who will protect her cubs from any threat.,mother,"{hunter,predator,animal}"
7892,25467,motorcycle,"With its powerful engine and two wheels, the ___ offered a thrilling ride on the open highway.",motorcycle,"{moped,bicycle,tricycle}"
7897,25505,mouse,"To select the file on her computer, she clicked the left button on her ___.",mouse,"{keyboard,monitor,trackpad}"
7898,25511,mouth,The dentist asked him to open his ___ wide so she could examine his teeth.,mouth,"{eyes,throat,jaw}"
7900,25525,movement,The protest ___ gained momentum as thousands more joined the march for civil rights.,movement,"{parade,gathering,riot}"
7901,25527,movie,"We went to the theater, bought popcorn, and sat down to watch the latest blockbuster ___.",movie,"{play,concert,opera}"
7910,25714,murder,"The coroner's report confirmed the victim died from a gunshot wound, leading the police to open a ___ investigation.",murder,"{theft,fraud,arson}"
7912,25737,museum,"We spent the afternoon at the natural history ___, looking at dinosaur skeletons and ancient fossils.",museum,"{aquarium,laboratory,stadium}"
7913,25740,mushroom,"The chef added sliced portobello ___, a type of fungus, to the pasta sauce for an earthy flavor.",mushrooms,"{onions,peppers,carrots}"
7919,25862,myself,"Since no one else offered to help, I decided to complete the entire project by ___.",myself,"{my turn,my own,my way}"
7925,25909,name,The CEO will ___ the new subsidiary 'Innovatech' after the merger is finalized.,name,"{establish,announce,classify}"
7928,25957,narrow,The path through the forest was so ___ that we had to walk in single file.,narrow,"{steep,winding,rocky}"
7930,25978,nation,Leaders from around the world gathered to discuss issues affecting every ___ on the planet.,nation,"{county,continent,region}"
7935,26009,nature,He loved spending time outdoors and felt a deep connection with ___.,nature,"{society,technology,industry}"
7939,26047,near,"The coffee shop is ___ the library, just a few doors down on the same street.",near,"{behind,opposite,far}"
7940,26048,nearby,"We couldn't find a hotel right next to the venue, but we found a ___ one just a five-minute drive away.",nearby,"{remote,distant,secluded}"
7941,26050,nearly,It is ___ impossible to see the stars from the city center due to the bright lights.,nearly,"{partially,somewhat,rarely}"
7952,26144,neighbour,The man who lives in the apartment next to mine is a great ___; he always says hello.,neighbour,"{landlord,relative,colleague}"
7953,26145,neighbourhood,"The children enjoy playing at the park, which is conveniently located in the middle of our ___.",neighbourhood,"{city,building,region}"
7959,26240,net,"The fisherman cast his wide ___ into the water, hoping to enclose a school of fish.",net,"{line,trap,rod}"
7960,26255,network,"To find a new job, she decided to expand her professional ___ by attending industry events.",network,"{circle,collection,association}"
7962,26336,never,He vowed to ___ return to the place where he had lost everything.,never,"{rarely,sometimes,almost}"
7966,26354,news,Did you hear the good ___? I got the promotion!,news,"{gossip,information,statement}"
7968,26365,newspaper,He folded the broadsheet ___ in half and started reading the front-page story.,newspaper,"{brochure,magazine,journal}"
7969,26380,next,"After you finish this chapter, please read the ___ one for homework.",next,"{previous,other,last}"
7973,26419,night,"We gazed at the constellations, which are only visible in the dark sky at ___.",night,"{dusk,day,dawn}"
7976,26457,nine,A standard baseball team has ___ players on the field during a game.,nine,"{seven,eleven,five}"
7977,26460,nineteen,"After he turned eighteen, he had to wait one more year until he was ___.",nineteen,"{ninety,ninth,nineties}"
7978,26463,ninety,"A standard soccer match is ___ minutes long, not including stoppage time.",ninety,"{sixty,one hundred,forty-five}"
7979,26499,noble,"The knight took a ___ oath to protect the weak and uphold justice, even at great personal risk.",noble,"{simple,cautious,private}"
7983,26538,noisy,The classroom became so ___ that the teacher had to shout to be heard.,noisy,"{empty,dark,calm}"
7987,26592,none,"He looked in the cookie jar, but it was empty; ___ of the cookies were left.",None,"{All,Most,Some}"
7992,26701,nor,"The problem was not a lack of effort, ___ was it a lack of resources; the strategy itself was flawed.",nor,"{or,but,so}"
7996,26725,north,"A compass needle will always point ___, which helped the lost sailors find their way.",north,"{south,east,down}"
7998,26739,nose,The pungent smell of spices from the kitchen immediately tickled his ___.,nose,"{eyes,tongue,ears}"
8002,26766,note,The spy passed him a folded ___ with the secret password written inside.,note,"{letter,report,message}"
8003,26767,notebook,"During the lecture, she jotted down ideas in her ___.",notebook,"{textbook,novel,manual}"
8005,26775,notice,She ___ a strange light flickering in the distance.,noticed,"{created,imagined,questioned}"
8009,26803,novel,"With its intricate plot spanning hundreds of pages, the ___ she just finished reading vividly explores a dystopian future.",novel,"{biography,play,poem}"
8010,26805,novelist,"The award recognized the ___ for her series of lengthy, interconnected fictional books.",novelist,"{journalist,historian,poet}"
8015,26828,nuclear,The new power plant uses uranium fission to generate ___ energy.,nuclear,"{geothermal,chemical,mechanical}"
8017,26863,number,"To calculate the margin of error, she first had to confirm the exact ___ of people who had completed the survey.",number,"{average,demographic,location}"
8019,26892,nurse,"After administering the prescribed medication, the ___ checked the patient's IV drip and updated their chart.",nurse,"{pharmacist,surgeon,paramedic}"
8020,26895,nursery,The new ___ on campus provides parents with a safe environment for toddlers while they work.,nursery,"{playground,library,cafeteria}"
8021,26896,nursing,The university's highly-regarded school of ___ prepares students for careers in patient advocacy and clinical practice.,nursing,"{medicine,therapy,dentistry}"
8022,26899,nut,He cracked open the hard shell of the walnut to get to the ___ inside.,nut,"{stone,leaf,root}"
8023,26910,nutrition,A specialist in ___ advised him on the best foods to eat for optimal health and energy.,nutrition,"{exercise,hygiene,anatomy}"
8026,26971,object,The detective examined every physical ___ at the crime scene for potential clues.,object,"{person,motive,alibi}"
8032,27031,observe,"From a hidden blind, the wildlife biologist could ___ the rare birds without disturbing them.",observe,"{influence,capture,train}"
8052,27169,offence,He chose his words carefully to avoid causing ___ to anyone in the group.,offence,"{agreement,pleasure,support}"
8058,27184,office,"Her personal workspace, complete with a desk, computer, and filing cabinet, was the quietest ___ on the floor.",office,"{kitchen,hallway,stairwell}"
8059,27187,officer,"After witnessing the collision, she gave her statement to the responding police ___.",officer,"{protester,bystander,driver}"
8062,27207,often,"Because she loves art and lives nearby, she ___ visits the museum on weekends.",often,"{rarely,never,seldom}"
8063,27218,oil,"To ensure the engine's moving parts were properly lubricated, the mechanic checked the dipstick and then added fresh ___.",oil,"{water,antifreeze,gasoline}"
8064,27233,old,The museum's collection included artifacts from the ___ Roman Empire.,old,"{new,future,modern}"
8065,27314,once,He ___ lived in Paris before moving to Berlin.,once,"{never,always,still}"
8066,27321,one,She could only carry ___ box at a time up the stairs.,one,"{some,many,several}"
8068,27328,onion,"Chopping the ___ made her eyes water, but its sharp flavor was essential for the recipe.",onion,"{potato,pepper,zucchini}"
8070,27332,only,"She was the ___ student to solve the final problem, giving her a perfect score that no one else achieved.",only,"{happiest,tallest,newest}"
8071,27343,onto,He carefully placed the vase of flowers ___ the mantelpiece so it wouldn't fall.,onto,"{through,against,under}"
8072,27372,open,"To let some fresh air into the stuffy room, he ___ the window.",opened,"{closed,broke,cleaned}"
8073,27376,opening,The sudden ___ in the clouds allowed a single ray of sunlight to shine through.,opening,"{darkness,shape,height}"
8075,27379,opera,Her powerful soprano voice filled the hall during the final aria of the ___.,opera,"{concert,play,lecture}"
8077,27387,operation,The surgeon explained that the ___ would take three hours and require a team of specialists.,operation,"{analysis,diagnosis,treatment}"
8079,27392,operator,"As the designated crane ___, his sole responsibility was to safely lift and move the heavy materials.",operator,"{inspector,designer,owner}"
8080,27405,opinion,"In my personal ___, the blue painting would look better on the other wall.",opinion,"{fact,law,command}"
8092,27469,oral,"Instead of submitting a paper, each student had to give a spoken, or ___, report to the class.",oral,"{final,graded,long}"
8093,27471,orange,She squeezed the citrus fruit to make a glass of fresh ___ juice for breakfast.,orange,"{apple,grape,cranberry}"
8095,27505,order,The manager used the company credit card to ___ new equipment from an online retailer.,ordered,"{built,sold,repaired}"
8097,27520,organ,"The patient was waiting for a transplant of a vital internal ___, such as a kidney or a liver.",organ,"{bone,limb,gland}"
8099,27534,organization,The non-profit ___ was founded specifically to protect endangered species and their habitats.,organization,"{corporation,partnership,agency}"
8105,27558,origin,The ___ of the word 'robot' can be traced back to a 1920 Czech play.,origin,"{meaning,spelling,pronunciation}"
8109,27668,other,"One hand held a pen, while the ___ hand held a book.",other,"{next,first,main}"
8110,27671,otherwise,"You must study for the test; ___, you are likely to fail.",otherwise,"{therefore,consequently,however}"
8111,27684,ought,We ___ to consider the environmental impact before proceeding.,ought,"{seem,try,want}"
8113,27686,our,My brother and I play on the same soccer team; ___ team won the championship this year.,our,"{their,his,my}"
8114,27687,ours,"My family and the neighbors both have blue cars, but the one with the sunroof is ___.",ours,"{theirs,mine,yours}"
8116,27691,out,He opened the birdcage and let the canary fly ___ into the open air.,out,"{in,down,off}"
8123,27737,outing,The family planned a relaxed weekend ___ to the countryside for a picnic.,outing,"{conference,assignment,procedure}"
8125,27746,outline,"The presentation ___ included main topics, sub-points, and supporting details in a hierarchical list.",outline,"{narrative,draft,abstract}"
8127,27763,output,"The writer's daily ___ was ten pages of the manuscript, regardless of how long it took.",output,"{effort,schedule,talent}"
8146,28071,own,The deed proves that they legally ___ the land and the buildings on it.,own,"{occupy,develop,use}"
8147,28073,owner,"As the sole ___, she was responsible for all the shop's debts and profits.",owner,"{employee,customer,supplier}"
8148,28074,ownership,"Upon the founder's death, the ___ of the company passed to his children through his will.",ownership,"{management,strategy,operation}"
8150,28114,pace,The novel's slow ___ in the beginning makes it difficult for some readers to get into the story.,pace,"{plot,theme,style}"
8151,28130,pack,"Before leaving for her vacation, she needed to ___ a suitcase with clothes for a week.",pack,"{arrange,place,sort}"
8152,28132,package,"The software was sold as a complete ___ including the application, a user manual, and technical support.",package,"{program,file,download}"
8155,28159,page,"To find the correct citation format, he turned to ___ 254 of the style guide.",page,"{chapter,index,entry}"
8156,28169,pain,The new medication is designed to relieve chronic ___ in patients with arthritis.,pain,"{injury,illness,fatigue}"
8159,28184,painter,"Using oil on canvas, the ___ created a stunningly realistic landscape.",painter,"{sculptor,photographer,illustrator}"
8160,28186,painting,Leonardo da Vinci's Mona Lisa is perhaps the most famous ___ in the world.,painting,"{sculpture,drawing,novel}"
8162,28199,palace,"The queen's official residence in London, Buckingham ___, has 775 rooms.",Palace,"{Castle,Manor,Abbey}"
8163,28207,pale,She was so frightened by the strange noise that her face turned ___ as a sheet.,pale,"{dark,red,warm}"
8165,28265,pan,"To cook the eggs, he heated some butter in a shallow frying ___.",pan,"{pot,bowl,kettle}"
8169,28341,paper,"For the art project, she folded a single sheet of ___ into a complex origami crane.",paper,"{cardboard,plastic,fabric}"
8174,28487,parcel,The large estate was divided into smaller ___ of land for development.,parcels,"{pieces,regions,zones}"
8175,28493,pardon,The president has the constitutional power to ___ individuals convicted of federal crimes.,pardon,"{arrest,prosecute,sentence}"
8176,28499,parent,The hospital offers classes for any expectant ___ on how to care for a newborn.,parent,"{relative,sibling,doctor}"
8180,28525,parking,The stadium has a multi-level ___ garage with space for over a thousand cars.,parking,"{driving,traffic,vehicle}"
8183,28562,part,The mechanic ordered a replacement ___ for the car's broken engine.,part,"{system,feature,version}"
8187,28569,participate,All students are expected to ___ in class discussions rather than just listen quietly.,participate,"{arrive,sit,learn}"
8194,28604,pass,You must ___ the driving test before you can get your license.,pass,"{fail,skip,observe}"
8201,28635,passport,"To cross the border into another country, he had to present his ___ to the customs official.",passport,"{library card,driver's license,birth certificate}"
8203,28637,past,"In the ___, people used to communicate by writing letters, a practice now replaced by email.",past,"{future,present,moment}"
8207,28680,path,A narrow dirt ___ wound its way through the dense woods to a hidden lake.,path,"{highway,avenue,road}"
8209,28702,patience,Teaching a young child to tie their shoes requires a great deal of ___.,patience,"{frustration,haste,indifference}"
8213,28737,pattern,He noticed a strange ___ in his friend's behavior; she became very quiet every time her old job was mentioned.,pattern,"{reason,flaw,decision}"
8214,28751,pause,She hit the ___ button on the remote control to answer the phone.,pause,"{play,stop,rewind}"
8215,28765,pay,You must ___ attention in class if you want to understand the material.,pay,"{lose,seek,find}"
8226,28956,pension,"After retiring from the fire department, he lived comfortably on his monthly ___.",pension,"{salary,wage,invoice}"
8227,28991,people,"The new law was designed to help all ___, regardless of their income or background.",people,"{voters,citizens,residents}"
8232,29016,percentage,A score of 95 correct answers out of 100 questions is a ___ of 95.,percentage,"{fraction,ratio,number}"
8234,29050,perfect,"With no mistakes or flaws, the gymnast's performance was absolutely ___.",perfect,"{difficult,graceful,tiring}"
8236,29067,perform,Surgeons must ___ delicate operations with extreme precision.,perform,"{attempt,practice,observe}"
8239,29120,period,There will be a brief ___ of adjustment while the new software is implemented.,period,"{moment,instance,system}"
8242,29180,permission,Students must get written ___ from their parents to go on the field trip.,permission,"{advice,opinion,instruction}"
8246,29237,person,"The detective was looking for a missing ___, last seen wearing a blue coat.",person,"{suspect,witness,officer}"
8247,29241,personal,It is not professional to ask a coworker questions about their ___ life.,personal,"{work,public,official}"
8249,29249,personally,The CEO promised to ___ oversee the project to ensure its success.,personally,"{carefully,remotely,briefly}"
8250,29255,personnel,All military ___ are required to undergo a physical fitness test annually.,personnel,"{officers,recruits,commanders}"
8252,29265,persuade,The advertisement was designed to ___ customers to try the new product.,persuade,"{inform,forbid,confuse}"
8253,29319,pet,"Although he owns several farm animals, he only considers the cat that lives inside the house his ___.",pet,"{property,livestock,creature}"
8255,29339,petrol,"In the UK, the price of ___ has risen sharply, making it more expensive for people to drive their cars.",petrol,"{oil,kerosene,electricity}"
8257,29420,phenomenon,Gravity is a fundamental natural ___ that governs the motion of planets and stars.,phenomenon,"{theory,law,hypothesis}"
8262,29519,photo,He took a quick ___ with his camera to capture the beautiful sunset.,photo,"{sketch,painting,sculpture}"
8267,29563,phrase,The expression 'break a leg' is a common ___ used to wish an actor good luck.,phrase,"{word,letter,sound}"
8270,29583,physician,"For her annual check-up, she scheduled an appointment with her primary care ___.",physician,"{specialist,surgeon,pharmacist}"
8271,29586,physics,"Her university course in ___ covered the laws of motion, gravity, and thermodynamics.",physics,"{chemistry,biology,geology}"
8273,29621,pick,"From the menu, I had to ___ a dessert that would complement my coffee.",pick,"{make,ignore,bake}"
8274,29641,picture,"The brochure featured a stunning ___ of the new resort, attracting many tourists.",picture,"{text,map,menu}"
8275,29648,pie,"Grandma's famous ___ was served warm, with a golden crust and sweet filling.",pie,"{soup,bread,salad}"
8276,29650,piece,He found the last missing ___ of the jigsaw puzzle under the sofa.,piece,"{box,image,corner}"
8277,29662,pig,The farmer knew it was feeding time when he heard a loud 'oink' from the sty where the ___ was waiting.,pig,"{chicken,horse,duck}"
8278,29687,pile,"After the cleanup, there was a ___ of discarded cardboard in the corner.",pile,"{box,sheet,roll}"
8279,29696,pill,He swallowed the ___ with a glass of water before bedtime.,pill,"{liquid,syrup,injection}"
8280,29704,pilot,She ___ the drone during the test flight.,piloted,"{assembled,charged,repaired}"
8281,29714,pin,She used a thumbtack to ___ the notice to the corkboard.,pin,"{glue,tape,staple}"
8282,29727,pink,"When he blushed from embarrassment, a faint ___ color spread across his cheeks.",pink,"{white,blue,green}"
8283,29740,pint,A standard ___ of milk in the US contains sixteen fluid ounces.,pint,"{cup,quart,gallon}"
8284,29742,pioneer,She ___ renewable energy research in the early 2000s.,pioneered,"{funded,published,criticized}"
8285,29748,pipe,The plumber had to replace the leaking water ___ under the sink.,pipe,"{wire,beam,tile}"
8290,29800,pity,She couldn't hide her ___ when she saw the abandoned puppy shivering in the rain.,pity,"{anger,joy,confusion}"
8292,29814,place,"After traveling for hours, they finally found a quiet ___ to set up camp.",place,"{time,reason,method}"
8294,29834,plain,"The settlers built their town on a vast, grassy ___ that offered fertile soil for farming.",plain,"{mountain,canyon,peninsula}"
8295,29845,plan,"Before we begin construction, we must review the detailed ___ with the engineers.",plan,"{budget,contract,report}"
8296,29847,plane,The pilot expertly guided the ___ through turbulent clouds during the training sortie.,plane,"{car,boat,train}"
8299,29860,plant,The botanist studied the growth patterns of a rare ___ in the greenhouse.,plant,"{animal,fungus,rock}"
8300,29885,plastic,"Because it was lightweight, inexpensive, and could be easily molded, the new ___ was ideal for manufacturing toys.",plastic,"{steel,ceramic,wood}"
8301,29890,plate,The chef arranged the dessert on a shimmering ___ of fine porcelain.,plate,"{cup,napkin,fork}"
8302,29897,platform,The new software provides a unified ___ for managing customer relationships across all channels.,platform,"{document,server,algorithm}"
8307,29950,pleasant,"The garden was ___ in the early morning, filled with the scent of fresh roses.",pleasant,"{chaotic,gloomy,noisy}"
8308,29954,please,She always tries to ___ her coworkers by bringing in homemade cookies.,please,"{annoy,ignore,challenge}"
8309,29955,pleased,"He was ___ with the successful results of the experiment, which confirmed his hypothesis.",pleased,"{disappointed,confused,worried}"
8314,30008,plug,"Before turning on the lamp, she ___ its cord into the wall outlet.",plugged,"{tangled,cut,coiled}"
8316,30032,plus,Some knowledge of Spanish is a definite ___ in this job.,pluses,"{error,drawback,mistake}"
8317,30065,pocket,He kept the spare change in his ___ during the hike.,pocket,"{shoe,hat,glove}"
8318,30079,poem,The ___ was written in rhyming couplets and used vivid metaphors to describe the sunset.,poem,"{novel,report,biography}"
8319,30080,poet,A ___ is a person who writes poems.,poet,"{painter,novelist,playwright}"
8321,30094,point,"During the debate, she made a compelling ___ about climate policy.",point,"{joke,question,mistake}"
8323,30106,poison,"The chef discovered a trace of ___ in the broth, forcing a kitchen shutdown.",poison,"{flavoring,spice,preservative}"
8325,30123,pole,The flag was raised to the top of the tall metal ___ in the center of the square.,pole,"{building,statue,roof}"
8326,30130,police,The city ___ the protests after midnight to restore order.,policed,"{ignored,started,encouraged}"
8327,30131,policeman,"After the bank robbery alarm sounded, two ___ arrived to investigate the crime.",policemen,"{firefighters,paramedics,civilians}"
8328,30137,policy,The company's new ___ require all employees to work from home twice a week.,policies,"{projects,salaries,meetings}"
8330,30155,political,"The candidate's speech outlined her ___ platform, including her stance on foreign relations and finance reform.",political,"{artistic,athletic,culinary}"
8331,30159,politician,Many ___ promised tax cuts during the campaign.,politicians,"{voters,journalists,economists}"
8332,30165,politics,She decided to study ___ at university to better understand government and public policy.,politics,"{history,economics,sociology}"
8334,30183,pollution,The thick smog and haze were clear signs that air ___ had increased dramatically.,pollution,"{temperature,humidity,pressure}"
8336,30320,pool,The team ___ their expertise to develop the new software platform.,pooled,"{hid,sold,forgot}"
8337,30323,poor,The family was too ___ to afford new clothes for the children.,poor,"{busy,proud,generous}"
8338,30327,pop,The balloon ___ loudly when it brushed against the sharp nail.,popped,"{floated,shrank,wobbled}"
8339,30336,popular,"With long lines out the door every afternoon, the new cafe quickly became the most ___ spot in town for students.",popular,"{expensive,quiet,remote}"
8341,30346,population,The ___ of the city has increased by two million in the last decade.,population,"{economy,infrastructure,climate}"
8342,30369,port,The cargo ship docked at the ___ to unload its containers.,port,"{airport,station,depot}"
8348,30400,position,"She applied for several ___ within the company, hoping to advance her career.",positions,"{salaries,benefits,projects}"
8350,30410,possess,"According to his will, he did not ___ any significant wealth at the time of his death.",possess,"{inherit,donate,squander}"
8351,30412,possession,"After the move, she unpacked her ___ and arranged them neatly on the shelves.",possessions,"{memories,ideas,feelings}"
8352,30418,possibility,"With recent breakthroughs, there are many new ___ for curing the disease.",possibilities,"{complications,regulations,symptoms}"
8353,30419,possible,"With the extra funding, it is now ___ to complete the project ahead of schedule.",possible,"{unlikely,difficult,stressful}"
8354,30420,possibly,"There are four, ___ five people who have been injured in the explosion.",possibly,"{definitely,certainly,usually}"
8355,30421,post,He tied the horse's reins to a wooden ___ by the entrance of the tavern.,post,"{gate,branch,wall}"
8356,30434,poster,The university hallway was adorned with a bright ___ advertising the upcoming concert.,poster,"{billboard,commercial,headline}"
8357,30470,postpone,"Due to the storm, the organizers ___ the outdoor ceremony until next weekend.",postponed,"{announced,promoted,attended}"
8358,30486,pot,She simmered the soup in a heavy ___ that retained heat evenly.,pot,"{bowl,plate,mug}"
8359,30491,potato,The classic dish of fish and chips is not complete without a side of fried ___.,potatoes,"{onions,cabbages,tomatoes}"
8360,30499,potential,The young athlete showed great ___ to become a world champion one day.,potential,"{anxiety,history,resistance}"
8362,30521,pound,"Using a mortar and pestle, she ___ the spices into a fine powder.",pounded,"{stirred,chopped,dissolved}"
8363,30524,pour,She carefully ___ the tea into the delicate china cups.,poured,"{chilled,brewed,stirred}"
8365,30530,powder,"To finish the dessert, she decided to lightly ___ the cake with cocoa.",powder,"{bake,fill,mix}"
8366,30533,power,The generator provides ___ to the entire campsite during the night.,power,"{shelter,food,safety}"
8370,30554,practice,It takes years of dedicated ___ to master a musical instrument.,practice,"{theory,talent,listening}"
8371,30560,practise,"To become a skilled musician, one must ___ daily.",practise,"{perform,listen,compose}"
8374,30548,pray,"Every night before sleep, she would ___ for her family's safety.",pray,"{work,read,wait}"
8375,30588,prayer,"In times of trouble, she found that a simple ___ could bring her comfort.",prayer,"{complaint,argument,demand}"
8379,30624,precious,"For the new parents, every moment with their newborn baby was ___.",precious,"{hectic,tiring,long}"
8385,30678,predict,Economists ___ a modest rise in inflation for the upcoming quarter.,predicted,"{caused,prevented,ignored}"
8389,30717,prefer,"Between coffee and tea, I ___ the latter for its soothing aroma.",prefer,"{dislike,prepare,buy}"
8390,30720,preference,She expressed a strong ___ for classical music over pop songs.,preference,"{knowledge,talent,history}"
8393,30751,prejudice,His ___ against people from different cultures was evident in his harsh remarks.,prejudice,"{curiosity,empathy,admiration}"
8395,30774,premier,The ___ of the province held a press conference to address the healthcare crisis.,premier,"{mayor,ambassador,senator}"
8398,30799,preparation,The chef's ___ of the ingredients took an hour before the dinner service began.,preparation,"{consumption,appreciation,delivery}"
8399,30803,prepare,She needs to ___ her presentation slides before the meeting tomorrow.,prepare,"{delete,present,forget}"
8404,30848,present,"At the upcoming symposium, she will ___ her latest findings on cellular regeneration.",present,"{summarize,critique,publish}"
8405,30850,presentation,The professor's ___ on quantum mechanics lasted for over an hour.,presentation,"{experiment,opinion,biography}"
8411,30871,president,The ___ of the United States holds office in the White House.,president,"{queen,governor,mayor}"
8413,30877,press,The journalist tried to ___ the official for a comment on the breaking news story.,press,"{thank,avoid,praise}"
8414,30882,pressure,The team felt intense ___ to win the championship after a series of defeats.,pressure,"{relief,indifference,joy}"
8418,30907,pretend,"The children ___ to be pirates, searching for treasure in the backyard.",pretended,"{wanted,refused,forgot}"
8424,30939,previous,Her performance in this race was a huge improvement over her ___ attempt.,previous,"{final,only,future}"
8428,30956,pride,She felt a swelling ___ after winning the championship for the third year in a row.,pride,"{anxiety,shame,humility}"
8436,31008,print,The article was ___ in the newspaper early Tuesday.,printed,"{written,edited,researched}"
8437,31011,printer,"To get a physical copy of the digital report, she sent the file to the ___.",printer,"{scanner,server,monitor}"
8438,31014,printing,___ costs have risen due to higher paper prices.,printing,"{binding,editing,distribution}"
8444,31033,private,The ___ beach is only accessible to residents of the island.,private,"{public,crowded,open}"
8446,31041,privilege,Having a backstage pass is a ___ that many concert-goers wish they had.,privilege,"{responsibility,requirement,obligation}"
8447,31046,prize,The winner of the competition will receive a cash ___ of one thousand dollars.,prize,"{invoice,receipt,penalty}"
8448,31057,probable,"Although not yet proven, the strong forensic evidence makes it ___ that the suspect was at the scene.",probable,"{possible,unlikely,certain}"
8449,31058,probably,"She will ___ arrive early, as she usually leaves with plenty of time.",probably,"{certainly,maybe,occasionally}"
8451,31070,problem,The main ___ with the new software is its unpredictable crash rate.,problem,"{component,benefit,feature}"
8453,31081,procedure,The surgeon followed a strict ___ to ensure patient safety during the operation.,procedure,"{diagnosis,instinct,preference}"
8463,31126,product,The latest ___ from the tech company features an integrated AI assistant.,product,"{policy,merger,headquarters}"
8467,31139,profession,She decided to study medicine because she wanted to enter a ___ that helps people directly.,profession,"{hobby,company,project}"
8469,31147,professor,She's a ___ of nutrition at Columbia University.,professor,"{student,librarian,chancellor}"
8475,31184,programme,"The television ___ was aired every Thursday night, covering science topics.",programme,"{commercial,channel,schedule}"
8483,31243,promise,"He will ___ to deliver the report by Friday, even if it means working overtime.",promise,"{attempt,plan,agree}"
8485,31252,promote,The company ___ its new eco-friendly line to attract younger customers.,promoted,"{researched,manufactured,recalled}"
8488,31270,pronounce,She ___ the name correctly during the ceremony.,pronounced,"{announced,stated,declared}"
8492,31302,proper,Make sure you wear ___ attire for the formal dinner.,proper,"{casual,inappropriate,athletic}"
8514,31472,prove,The lawyer presented new evidence to ___ her client's innocence.,prove,"{disprove,question,assume}"
8518,31489,province,"Canada is divided into ten large administrative regions, each known as a ___, which has its own local government.",province,"{county,municipality,territory}"
8525,31596,psychology,He studied ___ to understand the motivations behind human behavior.,psychology,"{biology,chemistry,history}"
8526,30064,pub,"In London, they met at a traditional ___ for some fish and chips and a pint of ale.",pub,"{bistro,diner,club}"
8534,31670,pull,"To start the old lawnmower, you have to ___ sharply on the cord.",pull,"{turn,press,twist}"
8535,31690,pulse,The doctor checked the patient's ___ to assess his heart health.,pulse,"{temperature,respiration,pressure}"
8536,31701,pump,"After the well was drilled, the crew ___ water into the storage tank.",pumped,"{poured,siphoned,drained}"
8539,31729,punishment,The school administered a ___ for cheating on the exam.,punishment,"{reward,commendation,incentive}"
8543,31754,pure,"This sample of gold is 99.9% ___, with almost no other metals mixed in.",pure,"{shiny,heavy,valuable}"
8545,31779,purple,The artist mixed red and blue paint to create a deep shade of ___.,purple,"{orange,green,yellow}"
8547,31796,purse,"The government controls the national ___, allocating funds for various public services.",purse,"{agenda,policy,debate}"
8550,31812,push,"When the door was stuck, he had to ___ hard to get it open.",push,"{pull,twist,knock}"
8551,31619,put,Please ___ the documents on the desk before leaving the office.,put,"{take,shred,hide}"
8552,31837,puzzle,"The complex instructions ___ the new hires, leaving them unsure where to begin.",puzzled,"{motivated,trained,annoyed}"
8553,31932,qualification,One of the main ___ for the job is a certification in project management.,qualifications,"{duties,benefits,responsibilities}"
8556,31942,quality,"The high ___ of the material, known for its durability and fine weave, justified the expensive price.",quality,"{origin,price,style}"
8558,31970,quarter,The company's profits increased significantly in the fourth ___ of the fiscal year.,quarter,"{month,week,half}"
8559,31991,queen,"Wearing her crown and royal gown, the ___ presided over the ceremony with regal poise.",queen,"{king,prince,emperor}"
8563,32014,questionnaire,"To gauge their opinions on workplace culture, employees completed a detailed ___ with scaled responses.",questionnaire,"{report,memo,contract}"
8564,32016,queue,"During rush hour, commuters formed a long ___ for the subway entrance.",queue,"{circle,group,crowd}"
8570,32068,quit,"After many years, he decided to ___ his job and travel the world.",quit,"{begin,change,keep}"
8571,32070,quite,I was ___ surprised by the results; they were not at all what I expected.,quite,"{rarely,almost,never}"
8575,32105,race,"He ___ to the finish line in record time, leaving the crowd cheering.",raced,"{walked,jogged,strolled}"
8576,32113,racial,"The new law aimed to end discrimination based on skin color and ethnicity, promoting ___ equality.",racial,"{gender,economic,social}"
8581,32139,radiation,The nuclear power plant had thick concrete walls to contain the harmful ___ from the reactor core.,radiation,"{vibration,noise,pressure}"
8583,32147,radio,"Since the broadcast was audio-only, she turned on the ___ to listen to the live concert from her kitchen.",radio,"{television,projector,monitor}"
8586,32200,rail,"He gripped the safety ___ tightly as he walked carefully down the steep, narrow staircase.",rail,"{step,wall,rope}"
8587,32206,railway,"The new high-speed train network is the latest addition to the country's extensive ___, allowing for faster travel.",railway,"{highway,airport,canal}"
8588,32208,rain,"In the tropics, it ___ almost every afternoon, making the streets slick.",rains,"{shines,cools,snows}"
8589,32221,raise,"Through a series of charity events, the foundation successfully ___ millions for the new children's hospital.",raised,"{donated,invested,withdrew}"
8593,32276,rank,"In the military, officers advance through different ___ as they gain experience.",ranks,"{missions,barracks,uniforms}"
8600,32324,rat,"Much larger than a mouse, the white lab ___ was known for its intelligence in solving mazes.",rat,"{mouse,hamster,insect}"
8601,32327,rate,The manager will ___ the employee's performance after the quarterly review.,rate,"{promote,hire,ignore}"
8602,32332,rather,I'm not a big fan of crowded parties; I would ___ stay home with a good book.,rather,"{never,also,still}"
8606,32370,raw,The chef preferred to serve the fish ___ to preserve its delicate flavor.,raw,"{fried,baked,grilled}"
8607,32373,ray,"A single ___ of sunlight broke through the clouds, illuminating the meadow.",ray,"{piece,glimmer,flash}"
8608,32384,reach,The child stood on his toes but still couldn't ___ the cookies on the top shelf.,reach,"{see,smell,want}"
8609,32388,react,Chemists carefully observe how the different substances ___ when they are mixed together.,react,"{settle,dissolve,combine}"
8615,32408,ready,Dinner is almost ___; I just need to add the final garnish to the plates.,ready,"{cooked,hot,served}"
8624,32452,reason,The ___ for the delay was a sudden power outage.,reason,"{result,story,timing}"
8631,32490,rebuild,"After the original theater was completely destroyed by fire, the council voted to ___ it with a modern design.",rebuild,"{repair,inspect,close}"
8633,32511,receipt,Please keep the ___ as proof of purchase for warranty purposes.,receipt,"{invoice,order,coupon}"
8644,32579,recognize,"We ___ the melody instantly, even though it was played on an unfamiliar instrument.",recognized,"{misidentified,confused,overlooked}"
8645,32590,recommend,"Based on your excellent experience, could you ___ a good restaurant in this area?",recommend,"{demand,command,reserve}"
8648,32616,record,The researcher must accurately ___ the participants' responses during the interview.,record,"{invent,ignore,summarize}"
8651,32630,recover,"After the flu, he hopes to ___ fully before the marathon.",recover,"{weaken,train,compete}"
8656,32678,red,"The stop sign was a bright ___ color, warning drivers to halt.",red,"{blue,yellow,green}"
8659,32764,refer,"In academic writing, an author ___ to previous studies to support their argument.",refers,"{invents,forgets,questions}"
8661,32767,reference,Please include at least three scholarly ___ in your bibliography.,references,"{opinions,summaries,drafts}"
8665,32808,reform,"The education system underwent a major ___ last year, aiming to improve equality.",reform,"{decline,budget,conference}"
8669,32850,refusal,"Despite our pleas, the manager's ___ to approve the budget was final.",refusal,"{willingness,decision,hesitation}"
8672,32864,regard,He holds his mentor in high ___.,regard,"{contempt,scrutiny,suspicion}"
8673,32866,regardless,"___ of the weather forecast, the hikers continued their trek.",regardless,"{because,instead,aware}"
8677,32890,register,All participants must ___ for the workshop before the deadline.,register,"{prepare,pay,leave}"
8679,32899,regret,"I ___ not having taken the earlier train, as it caused me to miss the meeting.",regret,"{celebrate,enjoy,forget}"
8680,32910,regular,"She prefers a ___ schedule, working the same hours each weekday.",regular,"{flexible,chaotic,short}"
8683,32918,regulation,New ___ requires all vehicles to undergo safety inspections every two years.,regulation,"{suggestion,exemption,opinion}"
8691,32995,relate,He found it hard to ___ to his new colleagues because they had very different interests.,relate,"{compete,agree,work}"
8693,32999,relation,The study explores the ___ between poverty and poor health outcomes.,relation,"{difference,space,solution}"
8694,33003,relationship,Open communication is vital for a healthy ___ between teammates.,relationship,"{competition,conflict,hierarchy}"
8695,33005,relative,"At the family reunion, I met a distant ___ I had never seen before.",relative,"{friend,neighbor,colleague}"
8707,33044,religion,Buddhism is a major ___ practiced by millions worldwide.,religion,"{language,continent,government}"
8710,33063,rely,"For the project to succeed, we must ___ on accurate data.",rely,"{ignore,invent,alter}"
8711,33065,remain,Only three contestants ___ in the competition after the final round.,remain,"{start,win,leave}"
8715,33074,remark,She ___ that the painting was too bright for the gallery lighting.,remarked,"{denied,wondered,painted}"
8720,33088,remind,The calendar ___ me to send the birthday card tomorrow.,reminded,"{allowed,forced,forbade}"
8722,33112,remote,The village was so ___ that it took three days to reach by car.,remote,"{nearby,crowded,modern}"
8724,33119,remove,Please ___ your shoes before entering the house.,remove,"{wear,tie,clean}"
8733,33224,replace,"After the lightbulb burned out, she had to ___ it with a new one.",replace,"{unscrew,shatter,polish}"
8737,33249,reporter,The ___ was assigned to cover the breaking news from the downtown protest.,reporter,"{organizer,officer,participant}"
8741,33267,representative,Each state sent a ___ to the federal convention to voice its concerns.,representative,"{governor,citizen,historian}"
8745,33310,reputation,His outstanding ___ among colleagues helped him secure the promotion.,reputation,"{performance,attitude,ambition}"
8746,33315,request,She sent an urgent ___ for additional funding before the deadline.,request,"{demand,memo,rejection}"
8749,33336,rescue,Firefighters ___ the trapped hikers just before nightfall.,rescued,"{observed,supplied,questioned}"
8750,33338,research,The latest ___ on climate change suggests a faster rise in sea levels than previously thought.,research,"{opinion,debate,speculation}"
8752,33347,resemble,The painting ___ the style of the early Renaissance masters.,resembles,"{contrasts,challenges,modernizes}"
8754,33356,reserve,The national park ___ a large area of untouched forest for future generations.,reserves,"{destroys,exploits,develops}"
8760,33379,resign,"Following the public controversy, the minister announced he would ___ from his position.",resign,"{retire,pause,reapply}"
8768,33423,respect,"You should always ___ the opinions of others, even when you disagree.",respect,"{ignore,dismiss,belittle}"
8771,33444,respond,He didn't ___ to the email until the next morning.,respond,"{react,forward,delete}"
8773,33449,responsibility,"As the eldest sibling, it is my ___ to ensure the younger children are ready for school each morning.",responsibility,"{privilege,choice,ambition}"
8775,33454,rest,The doctor advised him to get plenty of ___ after the surgery.,rest,"{exercise,work,stress}"
8776,33458,restaurant,We celebrated her promotion at a new ___ downtown with a rooftop garden.,restaurant,"{gallery,theater,bookstore}"
8781,33483,restriction,Travel ___ were lifted after the health crisis subsided.,restrictions,"{subsidies,incentives,promotions}"
8782,33491,result,The experiment's ___ confirmed the hypothesis about enzyme activity.,result,"{procedure,objective,hypothesis}"
8786,33556,retire,"After 40 years of service, she plans to ___ and spend more time with her grandchildren.",retire,"{work,apply,transfer}"
8791,33617,return,"After traveling abroad, she plans to ___ to her hometown next month.",return,"{journey,emigrate,depart}"
8797,33675,review,"Before submitting the final draft, the author sent it to a colleague for a thorough ___.",review,"{preface,index,dedication}"
8799,33681,revision,The teacher asked for several ___ before the final submission.,revisions,"{outlines,citations,drafts}"
8802,33704,revolution,The French ___ of 1789 drastically changed the nation's political landscape.,revolution,"{election,reformation,treaty}"
8807,33786,rice,"A staple food in many Asian countries, ___ is often served with vegetables and meat.",rice,"{bread,potatoes,pasta}"
8808,33787,rich,He comes from a very ___ family with extensive business holdings.,rich,"{modest,humble,ordinary}"
8809,33804,rid,The cleaning crew was hired to ___ the building of cobwebs.,rid,"{repair,inspect,secure}"
8810,33811,ride,"For her birthday, she asked for a ___ on a horse along the beach.",ride,"{walk,run,swim}"
8817,33894,rise,"The sun ___ over the horizon, painting the sky orange.",rose,"{set,fell,disappeared}"
8818,33899,risk,"She ___ everything on the final presentation, hoping it would impress the board.",risked,"{saved,based,lost}"
8822,33921,river,They launched their kayak and paddled down the swift current of the winding ___.,river,"{pond,puddle,ocean}"
8823,33937,road,"After the snowstorm, the ___ was blocked by fallen trees and required clearing.",road,"{river,driveway,sidewalk}"
8824,33961,rob,The law states it is a serious crime to ___ a person using threats of violence.,rob,"{assault,deceive,impersonate}"
8826,33968,robot,"In the factory, a ___ assembled the tiny electronic components with precise movements.",robot,"{foreman,assembler,technician}"
8828,33976,rock,"During the hike, we stopped to admire a massive ___ towering over the valley.",rock,"{tree,cliff,cavern}"
8829,33981,rocket,The launch schedule was delayed when the ___ malfunctioned during pre‑flight checks.,rocket,"{engine,payload,capsule}"
8832,34018,roll,"The dice ___ across the table, finally coming to rest on a six.",rolled,"{bounced,stopped,shook}"
8835,34046,roof,"The heavy snowfall caused the ___ to collapse, exposing the attic.",roof,"{wall,door,window}"
8838,34072,rope,"To create the swing, they tied a thick ___ to a strong tree branch.",rope,"{wire,chain,string}"
8839,34079,rose,He ___ early to catch the sunrise over the mountains.,rose,"{ate,drove,dreamed}"
8846,34140,routine,She follows a strict ___ every morning before heading to work.,routine,"{diet,method,rule}"
8847,34149,row,He ___ across the quiet lake in his small wooden boat at sunrise.,rowed,"{sailed,drifted,steered}"
8848,34157,royal,"As a member of the ___ family, the prince had numerous official duties.",royal,"{wealthy,famous,political}"
8850,34167,rubber,The soles of his boots were made of thick ___ to provide good grip on slippery surfaces.,rubber,"{leather,plastic,wood}"
8851,34170,rubbish,"After cleaning the garage, they had several bags of ___ to take to the dump.",rubbish,"{belongings,donations,storage}"
8853,34206,rugby,The team practiced passing the oval ball and forming a scrum in preparation for the ___ match.,rugby,"{tennis,golf,swimming}"
8855,34217,rule,The strict monarch intended to ___ the kingdom with absolute authority.,rule,"{entertain,visit,trade}"
8858,33934,run,"To train for the marathon, she ___ ten miles every day through the city park.",runs,"{strolls,jumps,rests}"
8860,34251,running,He felt a sharp pain in his knee after ___ the entire ten-kilometer race without stopping.,running,"{watching,planning,driving}"
8865,34326,sacrifice,Giving up her dream vacation to pay for her brother's education was a huge ___ for her.,sacrifice,"{convenience,preference,relief}"
8866,34333,sad,Tears welled up in her eyes and she felt deeply ___ as she read the letter announcing her friend's departure.,sad,"{amused,relieved,indifferent}"
8870,34370,sail,"With the wind filling the large canvas, the boat began to ___ smoothly across the bay.",sail,"{sink,anchor,motor}"
8871,34375,sailing,"Raising the mainsail to catch the wind, ___ on the open sea is his favorite summer activity.",sailing,"{diving,fishing,anchoring}"
8872,34376,sailor,The old ___ at the port had a tattoo of an anchor and told amazing stories of his voyages.,sailor,"{farmer,chef,banker}"
8876,34395,salary,His employment contract specified a fixed annual ___ paid in monthly installments.,salary,"{commission,bonus,debt}"
8877,34397,sale,"The furniture store is having a clearance ___ to make room for new inventory, with many items marked down by 50%.",sale,"{display,auction,giveaway}"
8878,34442,salt,She gargled with warm water and ___ to soothe her sore throat.,salt,"{soap,lemon,honey}"
8879,34472,same,"Although they are brothers, they have very different opinions and never vote for the ___ candidate.",same,"{popular,local,qualified}"
8883,34516,sandwich,She placed a slice of ham and cheese between two pieces of bread to make a simple ___.,sandwich,"{stew,pizza,casserole}"
8885,34603,satisfaction,Seeing the beautiful garden she had planted and cared for all summer gave her a deep sense of ___.,satisfaction,"{anxiety,regret,boredom}"
8889,34621,sauce,"He simmered the tomatoes, garlic, and herbs for hours to create a rich pasta ___.",sauce,"{broth,garnish,dough}"
8890,34632,sausage,The butcher prepared the ground pork with spices and put it into a casing to make ___.,sausage,"{steak,bread,cheese}"
8893,34660,say,"Before you sign the contract, are you sure you have nothing more to ___?",say,"{draw,eat,lift}"
8895,34694,scan,The security guard used a handheld device to ___ the guest's bag for prohibited items.,scan,"{pack,empty,decorate}"
8897,34712,scare,The monster mask was so realistic that it gave everyone who saw it a good ___.,scare,"{laugh,rest,idea}"
8902,34741,scene,"In the play's final ___, the mystery was solved and the hero was reunited with his family.",scene,"{script,audience,intermission}"
8903,34749,sceptical,"Despite the salesman's promises, he remained ___ about the product's miraculous claims.",sceptical,"{convinced,trusting,enthusiastic}"
8904,34753,schedule,Her assistant's main job is to ___ her appointments and manage her calendar.,schedule,"{attend,cancel,lead}"
8906,34777,scholar,The visiting ___ was an expert on medieval literature and gave a lecture on ancient manuscripts.,scholar,"{athlete,musician,mechanic}"
8907,34779,scholarship,"Thanks to her high grades and community service, she earned a ___ to help pay for college.",scholarship,"{loan,salary,invoice}"
8908,34782,school,"Every morning, the yellow bus picks up the young children and takes them to the elementary ___.",school,"{factory,hospital,university}"
8909,34807,science,"In ___ class, the students learned about the solar system by building a model of the planets.",science,"{history,music,literature}"
8910,34810,scientific,The research was criticized for lacking sufficient ___ evidence to support its bold conclusions.,scientific,"{anecdotal,personal,emotional}"
8911,34813,scientist,The ___ spent years conducting experiments in her laboratory to develop a new vaccine.,scientist,"{novelist,accountant,lawyer}"
8913,34850,score,"He kicked the ball into the net for the winning goal, making the final ___ 2-1.",score,"{rule,time,team}"
8914,34890,scratch,The thorny bushes might ___ your arms if you walk too close to them.,scratch,"{soothe,clean,mend}"
8915,34895,scream,She let out a piercing ___ when she saw the huge spider crawling on her bed.,scream,"{chuckle,whisper,sigh}"
8916,34901,screen,They planted a row of tall hedges to ___ their backyard from the view of the neighbors.,screen,"{connect,join,expose}"
8921,34954,sculpture,"The artist used a hammer and chisel to carve the figure from a single block of stone, creating a magnificent ___.",sculpture,"{painting,photograph,poem}"
8922,34970,sea,"From the boat, they could see dolphins leaping out of the deep blue ___.",sea,"{puddle,stream,pond}"
8923,34984,seal,"To keep the food fresh, you must properly ___ the container so that no air can get in.",seal,"{open,empty,fill}"
8924,35004,search,The rescue team will ___ the area thoroughly for any signs of the missing hiker.,search,"{ignore,avoid,abandon}"
8925,35017,season,"The chef likes to ___ the steak with a blend of salt, pepper, and garlic before grilling it.",season,"{freeze,sweeten,wash}"
8926,35025,seat,The usher will ___ you in the third row.,seat,"{greet,find,call}"
8930,35056,secret,"The spy's true identity was a closely guarded ___, known only to a handful of agents.",secret,"{rumor,fact,legend}"
8931,35060,secretary,The ___ organized the conference schedule and managed all correspondence.,secretary,"{engineer,designer,chef}"
8932,35074,section,The newspaper is divided into several parts; my favorite ___ is the one with comics and puzzles.,section,"{headline,article,byline}"
8936,35086,security,The airport increased ___ measures by adding more scanners and patrols.,security,"{comfort,pricing,entertainment}"
8941,35122,seem,"The magician made the coin ___ to disappear, but it was really hidden up his sleeve.",seem,"{try,fail,promise}"
8944,35154,seize,The hawk swooped down to ___ the unsuspecting mouse in its talons.,seize,"{observe,follow,release}"
8945,35156,seldom,"Living in the desert, we ___ see rain, perhaps only once or twice a year.",seldom,"{often,never,constantly}"
8946,35157,select,"From the wide array of fabrics available, the designer will ___ the perfect one for the evening gown.",select,"{sew,measure,iron}"
8949,35169,self,"Through introspection and therapy, he began to develop a stronger sense of ___ and personal identity.",self,"{others,duty,humor}"
8950,35178,sell,"To raise money for their trip, the students plan to ___ candy bars to friends and family for one dollar each.",sell,"{give,trade,make}"
8951,35223,seminar,"Unlike a large lecture, the advanced ___ allowed a small group of students to discuss the topic directly with the professor.",seminar,"{exam,stadium,library}"
8953,35247,send,"Before you leave for vacation, don't forget to ___ a postcard to your grandparents.",send,"{read,write,buy}"
8956,35265,sense,"Even without a map, the experienced hiker had an incredible ___ of direction and always knew which way was north.",sense,"{feeling,display,loss}"
8960,35288,sentence,"After the jury found the man guilty, the judge had the responsibility to determine the appropriate prison ___.",sentence,"{question,alibi,trial}"
8970,35401,servant,"In the old story, the kind prince treated every ___ in his castle with respect, from the cooks to the stable hands.",servant,"{king,guest,merchant}"
8971,35402,serve,The volunteers will ___ a hot meal to the homeless at the downtown shelter this evening.,serve,"{donate,purchase,season}"
8972,35404,service,"The hotel is famous for its excellent customer ___, with staff who are always friendly and helpful.",service,"{location,architecture,price}"
8973,35415,session,The photographer scheduled a two-hour photo ___ at the park to take the family's portraits.,session,"{album,camera,holiday}"
8974,35416,set,"To stay motivated, it is important to ___ a clear and achievable goal for yourself each week.",set,"{reach,forget,describe}"
8978,35424,settler,An early ___ in the region had to build their own house from logs and grow all their own food to survive.,settler,"{tourist,visitor,merchant}"
8982,35434,several,I had to try on ___ pairs of shoes before I found a pair that fit perfectly.,several,"{no,one,every}"
8983,35436,severe,The building suffered ___ damage in the earthquake and was later declared unsafe for occupation.,severe,"{potential,superficial,internal}"
8985,35441,sew,"My grandmother taught me how to ___ by hand, using a needle and thread to repair a torn seam.",sew,"{wash,fold,draw}"
8986,35448,sex,The biologist was able to determine the ___ of the turtle by the shape of its shell.,sex,"{age,species,health}"
8990,35473,shade,"The paint store offered samples of the same green color in a light, medium, and dark ___.",shade,"{pattern,texture,brand}"
8991,35477,shadow,"As the person walked in front of the projector, their ___ appeared on the screen, blocking the view of the movie.",shadow,"{image,voice,idea}"
8992,35487,shake,"The unexpected failure of her project did not break her spirit, but it did ___ her confidence.",shake,"{build,measure,announce}"
8993,35497,shall,"According to the club's bylaws, all members ___ pay their dues by the first of the month.",shall,"{can,should,might}"
8995,35507,shame,"After the cheating scandal was exposed, the athlete had to face the public ___ of being stripped of his medals.",shame,"{anger,boredom,joy}"
8996,35521,shape,The child's toy required him to fit the square block into the hole with the matching ___.,shape,"{color,weight,material}"
8998,35528,share,"My brother and I used to ___ a bedroom when we were kids, so we had to learn to get along in a small space.",share,"{decorate,avoid,purchase}"
9003,35545,shave,"Unlike trimming, which just shortens the hair, to ___ is to remove it completely from the skin with a razor.",shave,"{comb,wash,dye}"
9004,35553,she,My sister Sarah is a great cook; ___ is always trying new recipes she finds online.,she,"{he,they,it}"
9006,35566,sheep,The farmer sheared the thick wool from his ___ to sell at the market.,sheep,"{pigs,chickens,cows}"
9008,35576,sheet,A thin ___ of ice covered the pond early in the morning.,sheet,"{block,river,puddle}"
9009,35580,shelf,She placed the vase carefully on the highest ___ in the cabinet.,shelf,"{drawer,handle,hinge}"
9011,35587,shelter,"During the blizzard, the old barn served as a temporary ___ for the lost travelers.",shelter,"{prison,home,destination}"
9013,35622,shine,"To make the silver teapot ___, she polished it for an hour.",shine,"{tarnish,darken,break}"
9015,35632,ship,The massive container ___ carried cargo across the Atlantic Ocean.,ship,"{canoe,dinghy,jet ski}"
9017,35651,shirt,"He buttoned up his collar and straightened his tie, making sure his ___ was tucked in neatly.",shirt,"{coat,vest,cardigan}"
9018,35661,shock,Touching the live wire gave him a painful electric ___.,shock,"{warmth,chill,vibration}"
9021,35668,shoe,"Before the race, the runner tied the laces of his new running ___.",shoe,"{hat,glove,belt}"
9022,35679,shoot,"The hunter raised his rifle, preparing to ___ the deer.",shoot,"{watch,follow,scare}"
9023,35681,shooting,The director yelled 'Action!' and the ___ for the final scene of the movie began.,shooting,"{acting,rehearsal,viewing}"
9025,35692,shopping,"After visiting the mall, she came home with three large bags full of new clothes from her ___ trip.",shopping,"{hiking,driving,working}"
9026,35696,shore,The small boat was pulled up onto the rocky ___ of the lake.,shore,"{island,harbor,wave}"
9027,35699,short,"His vacation was ___ than he had planned, lasting only three days.",shorter,"{busier,pricier,sunnier}"
9029,35714,shortly,"The host announced that dinner would be served ___, so guests began to take their seats.",shortly,"{loudly,formally,quietly}"
9030,35723,shot,"With a powerful kick, the soccer player ___ the ball into the goal.",shot,"{threw,carried,bounced}"
9031,35725,should,You ___ finish your homework before watching TV.,should,"{want,like,try}"
9032,35726,shoulder,The soldier carried a heavy rifle slung over his ___.,shoulder,"{neck,waist,chest}"
9033,35727,shout,"To be heard over the loud music, she had to ___ across the room.",shout,"{whisper,mumble,ask}"
9035,35733,show,She opened her hand and ___ me the small seashell she had found.,showed,"{gave,threw,sold}"
9036,35738,shower,The weather forecast predicted a brief afternoon ___ but said the rest of the day would be sunny.,shower,"{storm,blizzard,flood}"
9037,35764,shrink,"If you wash wool in hot water, it will ___ dramatically.",shrink,"{soften,tear,fade}"
9043,35821,side,He wrote his name on one ___ of the card and the address on the other.,side,"{edge,corner,point}"
9044,35854,sigh,"Finishing the difficult exam, he leaned back in his chair and let out a long ___ of relief.",sigh,"{shout,laugh,sob}"
9045,35855,sight,"After the eye surgery, the doctors were hopeful they could restore the patient's ___.",sight,"{focus,health,hearing}"
9046,35866,sign,He put a large 'For Sale' ___ in his front yard.,sign,"{flag,letter,box}"
9047,35868,signal,The referee blew his whistle as a ___ to end the game.,signal,"{reason,reminder,sound}"
9048,35873,signature,"To make the check valid, you must provide your ___ on the line at the bottom.",signature,"{name,initials,mark}"
9049,35878,significance,The lawyer argued that the new evidence was of great ___ to the case.,significance,"{curiosity,difficulty,length}"
9052,35890,silence,"The librarian insisted on complete ___ in the reading room, asking the noisy group to leave.",silence,"{attention,order,calm}"
9053,35892,silent,The usually noisy classroom became completely ___ when the principal walked in.,silent,"{empty,clean,small}"
9054,35901,silk,The caterpillar spun a cocoon of delicate ___ before transforming into a moth.,silk,"{wool,cotton,thread}"
9055,35907,silly,The clown wore a big red nose and a ___ hat with a spinning propeller.,silly,"{formal,normal,fashionable}"
9061,35942,simply,The instructions were ___ written: just add water and stir.,simply,"{poorly,vaguely,creatively}"
9069,35966,single,"Out of all the bullets in the magazine, he only needed a ___ shot to hit the bullseye.",single,"{lucky,powerful,steady}"
9072,36005,sister,My mother's daughter is my ___.,sister,"{aunt,cousin,niece}"
9076,36019,situation,The general assessed the battlefield ___ before giving his next command.,situation,"{location,environment,geography}"
9077,36021,six,"A standard cube, like a die used in board games, has ___ faces.",six,"{four,five,eight}"
9078,36023,sixteen,"In many countries, ___ is the common age for getting a driver's license.",sixteen,"{thirteen,fifteen,twenty}"
9079,36027,sixty,There are ___ seconds in a minute.,sixty,"{thirty,ninety,one hundred}"
9082,36058,ski,"To navigate the snowy slopes, he needed a pole in each hand and a ___ on each foot.",ski,"{boot,skate,snowshoe}"
9084,36065,skill,She honed her ___ by practicing piano for two hours each day.,skill,"{habit,ambition,patience}"
9085,36066,skilled,The ___ carpenter crafted the intricate woodwork without any errors.,skilled,"{artistic,cautious,famous}"
9086,36078,skin,A snake sheds its ___ as it grows.,skin,"{shell,coat,feathers}"
9087,36086,skip,"If you don't know the answer, it's best to ___ the question and come back to it later.",skip,"{read,repeat,finish}"
9088,36089,skirt,"She paired her new blouse with a long, flowing ___ for the party.",skirt,"{hat,scarf,jacket}"
9090,36099,sky,"From the airplane window, we could see the endless blue ___ above the clouds.",sky,"{ocean,ceiling,ground}"
9094,36150,slave,A person who is the legal property of another and is forced to obey them is called a ___.,slave,"{servant,prisoner,employee}"
9095,36155,slavery,The historical practice of owning people as property is known as ___.,slavery,"{poverty,injustice,monarchy}"
9096,36171,sleep,Most adults need about eight hours of ___ per night to feel rested.,sleep,"{work,food,exercise}"
9097,36194,slice,"For the sandwich, he used a machine to ___ the cheese very thinly.",slice,"{grate,melt,spread}"
9098,36199,slide,The children loved to ___ down the grassy hill on pieces of cardboard.,slide,"{run,jump,roll}"
9101,36205,slim,"The chances of winning the lottery are quite ___, but people still play.",slim,"{high,certain,fair}"
9102,36216,slip,The secret note ___ from his hand and landed under the table.,slipped,"{jumped,flew,rolled}"
9109,36298,smart,Her ___ solution to the puzzle impressed even the seasoned contestants.,smart,"{wrong,final,slow}"
9111,36311,smell,"After the gas leak, a strong ___ of rotten eggs filled the air.",smell,"{sound,taste,sight}"
9115,36346,smooth,"After hours of sanding, the woodworker was satisfied that the tabletop was perfectly ___.",smooth,"{dark,heavy,natural}"
9116,36369,snake,"We saw the long, legless reptile ___ through the tall grass.",snake,"{lizard,alligator,turtle}"
9118,36430,snow,"They used a machine to create piles of white, fluffy ___ for the winter festival.",snow,"{rain,sand,dirt}"
9120,36464,soap,"To wash her hands properly, she lathered a bar of ___ with water.",soap,"{towel,sponge,cream}"
9122,36476,soccer,"In the game of ___, players advance the ball with their feet and try to score in the opponent's goal.",soccer,"{tennis,golf,hockey}"
9123,36480,social,"The event was designed to be ___, encouraging guests to mingle and meet new people.",social,"{quiet,short,competitive}"
9125,36493,society,"Humans are unique in their ability to form a complex ___ with laws, culture, and institutions.",society,"{family,colony,species}"
9126,36503,sock,He realized he had a hole in the toe of his left ___ when he took his shoe off.,sock,"{sandal,trouser,sleeve}"
9127,36519,soft,The kitten's fur was so ___ that the children couldn't stop petting it.,soft,"{clean,long,warm}"
9128,36533,software,"To edit the photos, she installed a new piece of ___ on her computer.",software,"{keyboard,monitor,memory}"
9130,36547,solar,Panels on the roof collect energy from the sun to provide ___ power for the house.,solar,"{nuclear,electric,lunar}"
9131,36554,soldier,The ___ was deployed to a foreign country as part of the peacekeeping mission.,soldier,"{doctor,teacher,politician}"
9140,36621,some,"I have ___ apples, but not enough for everyone; could you buy more?",some,"{every,no,another}"
9142,36624,somehow,"The magician made the rabbit disappear, and ___ it reappeared in his hat.",somehow,"{slowly,loudly,sadly}"
9143,36625,someone,I think there is ___ at the door because I just heard a knock.,someone,"{anyone,no one,everyone}"
9144,36631,something,"He seemed distracted, as if ___ was bothering him.",something,"{nothing,anything,everything}"
9146,36633,sometimes,"On days when the weather is good, she ___ goes for a walk, but she stays inside during rain or snow.",sometimes,"{always,never,everywhere}"
9149,36648,son,"The king's first-born ___, the prince, was heir to the throne.",son,"{wife,daughter,nephew}"
9150,36651,song,She sang a beautiful ___ while playing the guitar.,song,"{story,poem,speech}"
9151,36668,soon,"Don't worry, the movie is starting very ___; the previews are almost over.",soon,"{late,ago,slowly}"
9154,36710,sorry,"As an apology for being late, he said, 'I am very ___.'",sorry,"{happy,angry,proud}"
9155,36711,sort,"To make it easier to find a matching pair, he decided to ___ his socks by color.",sort,"{wash,fold,wear}"
9156,36719,soul,Many religions teach that the ___ is immortal and lives on after the body dies.,soul,"{mind,heart,brain}"
9157,36723,sound,She heard a strange ___ coming from the attic and went to investigate.,sound,"{light,smell,feeling}"
9158,36731,soup,"She used a ladle to serve the hot liquid and vegetables into bowls, being careful not to spill the ___.",soup,"{sauce,gravy,dressing}"
9160,36740,south,"From their home in Canada, they drove ___ through the United States to vacation in Mexico.",south,"{north,east,west}"
9161,36748,southern,"Known for its warm hospitality and sweet tea, the state of Georgia is a classic example of ___ culture.",southern,"{northern,eastern,western}"
9163,36774,space,She needed more ___ in the closet to store her winter coats.,space,"{time,light,air}"
9166,36808,spare,"In case of a flat, he kept a ___ tire and a jack in the trunk of his car.",spare,"{main,worn,front}"
9168,36838,speak,"When it was her turn to present, she stood up and ___ clearly into the microphone.",spoke,"{leaned,breathed,waved}"
9169,36839,speaker,The keynote ___ delivered a powerful address that received a standing ovation.,speaker,"{organizer,technician,guest}"
9170,36848,special,"The chef prepared a ___ dish, available only tonight, for the restaurant's anniversary.",special,"{daily,plain,quick}"
9171,36853,specialist,"After initial tests were inconclusive, her doctor referred her to a heart ___ for a more detailed examination.",specialist,"{practitioner,nurse,trainee}"
9175,36864,specific,"To find the book in the library, she needed the ___ call number, not just the author's name.",specific,"{correct,complete,long}"
9186,36907,speech,"For his public speaking class, he had to write and deliver a five-minute ___ on a topic he was passionate about.",speech,"{essay,report,conversation}"
9187,36911,speed,The police officer pulled him over for exceeding the ___ limit in a school zone.,speed,"{weight,height,time}"
9188,36922,spell,"I'm not sure how to ___ this complicated scientific term, so I'll look it up in the dictionary.",spell,"{define,use,hear}"
9189,36926,spelling,"The teacher marked the paper down because of several ___ errors, such as writing 'seperate' instead of 'separate'.",spelling,"{factual,logical,stylistic}"
9190,36929,spend,He was warned not to ___ all his money on video games and to save some for essentials.,spend,"{find,count,earn}"
9196,36978,spin,The top ___ rapidly on the table until it finally toppled over.,spun,"{rolled,jumped,slid}"
9198,37002,spirit,The old house was rumored to be haunted by a restless ___ that roamed the halls at night.,spirit,"{figure,shadow,memory}"
9199,37008,spiritual,"Through meditation and prayer, he embarked on a ___ journey to find inner peace.",spiritual,"{physical,professional,social}"
9201,37048,split,"The road will ___ into two separate lanes a mile ahead, so be ready to choose the left or right.",split,"{turn,bend,end}"
9203,37063,spoken,"Before the invention of writing, history was passed down through ___ traditions and storytelling.",spoken,"{ancient,sacred,detailed}"
9207,37077,sponsor,"A major beverage company was the official ___ of the concert, with its logo displayed prominently on the stage.",sponsor,"{promoter,organizer,producer}"
9209,37087,spoon,He ate his cereal with a ___ because it was impossible to pick up the milk and flakes with a fork.,spoon,"{knife,spatula,straw}"
9210,37099,sport,"His favorite ___ to watch on television is football, especially during the championship season.",sport,"{show,program,event}"
9212,37115,spot,"After spilling coffee on his new shirt, he tried to clean the brown ___ with a wet cloth.",spot,"{hole,tear,wrinkle}"
9215,37132,spray,"Using an aerosol can, he carefully ___ a thin, even coat of varnish onto the finished woodwork.",sprayed,"{poured,brushed,rolled}"
9216,37135,spread,She used a knife to ___ the butter evenly over the warm toast.,spread,"{place,melt,drop}"
9217,37141,spring,"Like a jack-in-the-box, the figure ___ out of its container when the lid was opened.",sprang,"{rose,lifted,emerged}"
9218,37175,spy,The children tried to ___ on their parents' conversation by hiding behind the door and listening.,spy,"{join,interrupt,record}"
9220,37190,square,"To make a perfect paper airplane, you must start with a ___ piece of paper that has four equal sides and four right angles.",square,"{flat,folded,large}"
9221,37200,squeeze,The subway car was so crowded that he had to ___ through the mass of people to get to the door.,squeeze,"{walk,run,step}"
9225,37225,stable,Engineers designed the skyscraper with a deep foundation to ensure it would remain ___ during an earthquake.,stable,"{tall,upright,rigid}"
9226,37233,stadium,"The massive, open-air ___ was built to host the city's professional football team and can seat over 70,000 spectators.",stadium,"{field,auditorium,hall}"
9227,37235,staff,"The manager held a meeting with all the paid employees of the hotel, reminding the ___ of the importance of customer service.",staff,"{guests,clients,visitors}"
9228,37241,stage,The actors took their final bows on the theater's ___ as the velvet curtains closed behind them.,stage,"{floor,set,aisle}"
9229,37264,stair,The bottom ___ of the spiral staircase was loose and needed to be repaired.,stair,"{level,railing,floor}"
9232,37293,stamp,"Before mailing the letter, she had to affix a postage ___ to the top right corner of the envelope.",stamp,"{seal,sticker,label}"
9234,37298,stand,He was too tall to ___ up straight in the small attic without hitting his head on the ceiling.,stand,"{sit,lie,crouch}"
9235,37299,standard,"Her work was not up to the required ___, so the professor asked her to revise the essay.",standard,"{topic,length,format}"
9238,37329,stare,"It is considered rude to ___ at people in public, as it can make them feel uncomfortable.",stare,"{look,glance,see}"
9241,37361,state,"Each ___ in the USA has its own government, capital city, and laws.",state,"{region,county,territory}"
9242,37369,statement,The witness was asked to provide a formal written ___ to the police detailing everything she saw.,statement,"{story,summary,opinion}"
9243,37385,station,The firefighter slid down the pole and rushed to the truck as soon as the alarm rang in the fire ___.,station,"{house,office,garage}"
9246,37398,statue,The art museum's Greek and Roman collection includes a famous marble ___ of the goddess Venus.,statue,"{portrait,carving,bust}"
9247,37402,status,You can check the delivery ___ of your package online using the tracking number.,status,"{location,history,condition}"
9248,37407,stay,The dog was trained to ___ in one place and not move until given the command to come.,stay,"{sit,wait,rest}"
9250,37415,steady,"Despite the economic downturn, the company has shown ___ growth over the past three years.",steady,"{fast,high,real}"
9251,37416,steak,"The butcher cut a thick slab of beef, known as a T-bone ___, for the customer to grill.",steak,"{roast,chop,fillet}"
9252,37417,steal,Shoplifting is a crime where a person tries to ___ merchandise from a store without paying for it.,steal,"{hide,carry,choose}"
9253,37422,steam,"As the kettle came to a boil, hot ___ began to rise from its spout.",steam,"{smoke,air,mist}"
9254,37438,steel,The framework of the skyscraper was constructed from massive beams of reinforced ___ to support the building's immense weight.,steel,"{iron,concrete,wood}"
9255,37447,steep,"The road was so ___ that the car struggled to climb the incline, and we worried about sliding backwards.",steep,"{narrow,winding,bumpy}"
9258,37480,step,"As her first action in the dance routine, she ___ forward with her right foot.",stepped,"{kicked,hopped,slid}"
9260,37541,stick,"The chewing gum ___ to the bottom of her shoe, making an annoying sound with every step.",stuck,"{melted,pressed,dropped}"
9263,37564,still,"He apologized profusely, but she was ___ furious and refused to speak to him.",still,"{very,truly,quietly}"
9268,37630,stomach,He felt a sharp pain in his ___ from eating too much too quickly.,stomach,"{head,knee,shoulder}"
9269,37637,stone,"The ancient wall was built without mortar, using only large, carefully fitted ___.",stones,"{bricks,logs,tiles}"
9271,37662,storage,He rented a self-___ unit to keep his furniture in while he was working abroad for a year.,storage,"{service,housing,office}"
9272,37664,store,"Squirrels busily ___ nuts and acorns to prepare for the long, cold winter.",store,"{eat,find,gather}"
9273,37676,storm,"The forecast predicted a severe ___ with high winds, heavy rain, and possible hail.",storm,"{breeze,drizzle,cloud}"
9278,37719,strange,"It's a rather ___ habit to wear a watch on each wrist, but he says it helps him track two time zones.",strange,"{common,normal,sensible}"
9279,37722,stranger,"As a child, my mother taught me not to accept gifts from a ___.",stranger,"{friend,neighbor,relative}"
9283,37750,strawberry,"She went to the farm to pick the ripe, red ___ growing on low plants in the field.",strawberries,"{apples,cherries,peaches}"
9284,37755,stream,There has been a steady ___ of phone calls from worried customers.,stream,"{sound,pattern,increase}"
9285,37763,street,Our house is on a quiet residential ___ with a school and a small park nearby.,street,"{highway,freeway,motorway}"
9286,37769,strength,"Lifting the heavy anvil required immense physical ___, more than he possessed.",strength,"{speed,agility,patience}"
9288,37779,stress,"To lower his blood pressure, the doctor advised him to reduce the ___ from his demanding job.",stress,"{income,commute,colleagues}"
9292,37805,strike,"As the historic clock began to ___ midnight, the grand ball came to an end.",strike,"{show,reach,pass}"
9294,37811,string,"Before the concert, the violinist had to replace a broken ___ on her instrument.",string,"{key,bow,bridge}"
9302,37851,struggle,It was a real ___ for the small startup to compete against the industry giants.,struggle,"{pleasure,benefit,success}"
9303,37868,student,The history teacher assigned extra reading to every ___ in the tenth-grade class.,student,"{parent,principal,visitor}"
9311,37914,style,"Her ___ of leadership is very direct and decisive, which is different from her predecessor's more collaborative approach.",style,"{term,reason,salary}"
9312,37999,subject,"Math was always his most difficult ___ in school, though he excelled in history and art.",subject,"{classroom,teacher,assignment}"
9314,38045,submit,"In wrestling, a competitor can tap the mat to ___ when they are caught in an inescapable hold.",submit,"{compete,practice,win}"
9335,34665,such,She showed ___ courage in the face of danger that everyone was inspired by her.,such,"{many,more,much}"
9336,38181,suck,The powerful pump can ___ water out of a flooded basement in minutes.,suck,"{spray,pour,drip}"
9344,38215,sugar,She added a spoonful of ___ to her tea to make it less bitter.,sugar,"{salt,pepper,flour}"
9346,38221,suggestion,"At the meeting, he made a helpful ___ to use a different software, which improved the team's workflow.",suggestion,"{complaint,argument,correction}"
9348,38229,suit,"For the formal event, he wore a three-piece ___ that included matching trousers, a jacket, and a waistcoat.",suit,"{outfit,costume,wardrobe}"
9349,38231,suitable,"With extensive experience and the right qualifications, she was a highly ___ candidate for the position.",suitable,"{unrelated,questionable,inferior}"
9350,38234,suite,"The hotel ___ included a large bedroom, a separate living area, and a private balcony overlooking the ocean.",suite,"{lobby,hallway,closet}"
9353,38272,summary,"Before the exam, she reviewed the chapter ___, which highlighted all the key concepts and definitions.",summary,"{index,preface,title}"
9358,38332,super,"If the radiator is leaking, you should call the ___ of the apartment building to get it fixed.",super,"{landlord,tenant,neighbor}"
9361,38389,supermarket,He bought fresh produce at the local ___ before heading home.,supermarket,"{pharmacy,library,boutique}"
9365,38436,supper,We gathered around the table for a hearty ___ after the long hike.,supper,"{conversation,nap,celebration}"
9367,38451,supply,The remote outpost relied on a monthly ___ of fresh water and food.,supply,"{demand,shortage,request}"
9371,38458,suppose,"If we ___ that the meeting starts at nine, we should leave by eight thirty.",suppose,"{deny,forget,announce}"
9375,38495,sure,Are you ___ that you locked the door?,sure,"{aware,worried,anxious}"
9382,38526,surplus,"After the harvest, the farmers sold most of the crop and stored the ___.",surplus,"{deficit,demand,shortage}"
9392,38550,survival,The hikers' ___ depended on finding fresh water before nightfall.,survival,"{destination,comfort,equipment}"
9403,38607,swap,They decided to ___ their seats after realizing the view was better from the other side.,swap,"{abandon,reserve,occupy}"
9405,38626,sweater,She pulled the knitted wool ___ over her head as the evening grew chilly.,sweater,"{blanket,shirt,vest}"
9406,38636,sweep,"Using a broom and dustpan, the janitor ___ the hallway every night before closing.",sweeps,"{mops,polishes,vacuums}"
9408,38661,swim,"In the final lap of the 100-meter freestyle, she ___ faster than anyone else in her age group.",swam,"{ran,cycled,jumped}"
9409,38663,swimming,He put on his trunks and goggles to enjoy ___ in the lake during summer weekends.,swimming,"{fishing,hiking,boating}"
9410,38668,swing,The children love to sit on the suspended seat and ___ back and forth on the playground set.,swing,"{slide,climb,run}"
9411,38678,switch,He used the remote to ___ the television from the news to the sports channel.,switch,"{adjust,raise,mute}"
9413,38716,symbol,The mathematical ___ for infinity looks like a sideways figure eight.,symbol,"{equation,formula,variable}"
9416,38737,sympathy,She expressed her ___ to the family after their loss.,sympathy,"{congratulations,indifference,criticism}"
9417,38745,symptom,A persistent cough can be an early ___ of pneumonia.,symptom,"{cure,cause,treatment}"
9420,38821,system,The company installed a new security ___ with cameras and alarms to protect the building.,system,"{device,policy,protocol}"
9422,38842,table,"Before the meal, he set the plates and silverware on the dining room ___.",table,"{chairs,counter,shelves}"
9423,38848,tablet,He used a stylus to draw directly on the screen of his new graphics ___.,tablet,"{laptop,monitor,keyboard}"
9430,38927,tale,"The fantasy novel was an epic ___ of dragons, magic, and forgotten kingdoms.",tale,"{report,article,document}"
9433,38934,talk,"The two friends would often ___ on the phone for hours, catching up on each other's lives.",talk,"{write,text,signal}"
9434,38941,tall,"At over six feet, the basketball player was much ___ than the average person.",taller,"{faster,stronger,heavier}"
9435,38978,tank,"The heavy armored ___ rumbled across the battlefield, its cannon pointed toward the enemy.",tank,"{jeep,truck,carrier}"
9436,39002,tap,He used a special tool to ___ the maple tree for its sap without harming it.,tap,"{drill,cut,prune}"
9437,39003,tape,"To hang the poster without making holes in the wall, she decided to ___ it up.",tape,"{nail,glue,pin}"
9439,39037,task,Her first ___ of the day was to sort through all the incoming mail.,task,"{goal,hobby,decision}"
9441,39073,tax,The government ___ high-income earners at a higher rate to fund public services.,taxes,"{rewards,subsidizes,pays}"
9444,39093,tea,"For the traditional ceremony, she poured the hot water over the leaves in the small pot to brew the ___.",tea,"{coffee,soup,broth}"
9446,39098,teacher,The art ___ showed the students how to mix colors to create new shades.,teacher,"{curator,collector,librarian}"
9448,39106,team,Our ___ worked late to meet the project deadline.,team,"{family,audience,crowd}"
9449,39113,tear,A single ___ traced a path down her dusty cheek as she watched the sad film.,tear,"{raindrop,bead,crumb}"
9453,39147,technology,Advances in medical ___ have led to the development of life-saving vaccines.,technology,"{philosophy,history,literature}"
9455,39165,teenager,"To get their driver's permits in this state, ___ must be at least sixteen years old.",teenagers,"{children,adults,toddlers}"
9457,27676,telephone,She picked up the receiver of the old rotary ___ to dial her mother's number.,telephone,"{microphone,radio,intercom}"
9458,39241,television,He turned on the ___ to watch the evening news and see the weather forecast.,television,"{radio,lamp,heater}"
9459,39248,tell,The grandfather often ___ his grandchildren stories about his youth.,tells,"{asks,writes,reads}"
9461,39270,temperature,"The nurse used a thermometer to check the child's ___, hoping he didn't have a fever.",temperature,"{height,weight,vision}"
9462,39276,temple,Archaeologists uncovered an ancient stone ___ filled with offerings to the sun god.,temple,"{fortress,palace,theater}"
9464,39283,temporary,The road closure is ___; it will reopen as soon as the construction is finished.,temporary,"{permanent,sudden,optional}"
9466,39292,ten,A decade is a period of ___ years.,ten,"{five,twenty,hundred}"
9469,39303,tendency,"This type of dog has a ___ to bark at strangers, so it needs careful training.",tendency,"{reason,memory,secret}"
9473,39338,tent,"During the camping trip, we slept inside a ___ to protect ourselves from rain and insects.",tent,"{sleeping bag,backpack,campfire}"
9475,39371,term,"In legal documents, it's important to understand the precise definition of each ___.",term,"{letter,sentence,paragraph}"
9491,39477,text,"The original historical ___ was written on a scroll, not in a printed book.",text,"{cover,chapter,index}"
9492,39478,textbook,The professor announced that the final exam would cover chapters one through five in the history ___.,textbook,"{novel,magazine,dictionary}"
9494,39497,than,I would rather have a dog ___ a cat because I enjoy going for long walks.,than,"{and,with,like}"
9495,39499,thank,Remember to ___ the host for the lovely dinner before you leave.,thank,"{question,interrupt,criticize}"
9499,39487,the,I saw a dog and a cat in the yard. ___ cat was chasing its tail.,The,"{A,An,Each}"
9502,39521,theft,"The quiet, unnoticed ___ of the necklace from the display case was only discovered the next morning.",theft,"{robbery,assault,vandalism}"
9503,39523,their,The team members celebrated after ___ hard work paid off with a championship victory.,their,"{his,her,its}"
9505,39529,them,"The artists finished the mural, and the city paid ___ for their excellent work.",them,"{him,her,it}"
9506,39532,theme,The central ___ of the film was the importance of friendship in difficult times.,theme,"{plot,setting,character}"
9507,39534,themselves,"Even though they had a recipe, the novice chefs had to figure out many of the steps ___.",themselves,"{another,together,anyway}"
9508,39535,then,"First, mix the dry ingredients together; ___ you can add the milk and eggs.",then,"{before,while,never}"
9510,39549,theoretical,"His proposal was purely ___, as he had no data or experimental evidence to support it.",theoretical,"{practical,conclusive,famous}"
9511,39555,theory,He proposed a new ___ to explain why some species migrate over vast distances.,theory,"{question,diagram,photograph}"
9514,39562,there,Don't look here for the book; I left it over ___ on the table across the room.,there,"{here,down,around}"
9519,39603,they,"The winners were announced, and ___ walked onto the stage to accept the trophy.",they,"{he,she,it}"
9521,39615,thief,A clever ___ managed to bypass the security system without being seen or heard.,thief,"{guard,witness,detective}"
9523,39622,thing,What is that strange ___ on your desk?,thing,"{sound,feeling,thought}"
9525,39627,thinking,Strategic ___ is essential for a chess player who wants to anticipate an opponent's moves.,thinking,"{worrying,guessing,waiting}"
9526,39641,third,"In the race, she finished after the first and second place runners, so she came in ___.",third,"{first,last,next}"
9528,39647,thirteen,"After his twelfth birthday, his next birthday would make him ___ years old.",thirteen,"{ten,twelve,twenty}"
9529,39650,thirty,"The meeting is scheduled for 10:00 a.m. and is expected to last for ___ minutes, ending at 10:30 a.m.",thirty,"{ten,fifteen,sixty}"
9530,39651,this,___ particular model has all the features we were looking for.,This,"{Some,Any,Each}"
9534,39675,thought,"After careful ___, she decided to accept the new job offer.",thought,"{research,hesitation,delay}"
9536,39682,thousand,"The small town, with a population of just over one ___, held a festival to celebrate its founding.",thousand,"{hundred,million,dozen}"
9537,39692,thread,The tailor used a single golden ___ to embroider the design onto the velvet.,thread,"{yarn,string,wire}"
9540,39700,three,"A trilogy is a series of ___ related works, such as books or films.",three,"{two,four,five}"
9545,39754,through,"The sunlight streamed ___ the window, illuminating the dust particles in the air.",through,"{on,by,against}"
9546,39755,throughout,"A theme of betrayal runs ___ the entire novel, affecting every major character.",throughout,"{during,inside,over}"
9549,39787,thus,"The evidence was inconclusive; ___, the jury could not reach a verdict.",thus,"{however,otherwise,instead}"
9553,39832,tie,He will ___ the rope securely to the post before climbing.,tie,"{cut,fray,coil}"
9557,39857,till,You must wait ___ the light turns green before you cross the street.,till,"{after,during,since}"
9559,39864,time,She felt she needed more ___ to finish the research paper before the deadline.,time,"{space,money,help}"
9562,39899,tin,"The antique toy soldiers were made of ___, a soft, silvery metal that was easy to cast in molds.",tin,"{steel,iron,bronze}"
9566,39948,tissue,"The box of disposable paper ___ was empty, so he had to use a towel instead.",tissues,"{napkins,handkerchiefs,wipes}"
9567,39977,toast,"He put a slice of bread into the machine to make ___, waiting for it to turn brown and pop up.",toast,"{a sandwich,croutons,a pastry}"
9568,39980,tobacco,"Regulations strictly control the sale of products containing ___, such as cigarettes and cigars.",tobacco,"{sugar,cotton,caffeine}"
9569,39988,today,I can't meet you tomorrow because I have a deadline; we have to finish the project ___.,today,"{yesterday,later,soon}"
9571,40005,toilet,"After using the restroom, he pushed the handle to flush the ___.",toilet,"{sink,urinal,bidet}"
9573,40022,tolerate,She ___ the constant noise from the construction site without complaint.,tolerated,"{created,reduced,welcomed}"
9575,40032,tomato,"Many people consider the ___ a vegetable, but botanically, it is a fruit.",tomato,"{potato,lettuce,carrot}"
9576,39971,tomorrow,The project deadline has been moved to ___ due to unforeseen delays.,tomorrow,"{yesterday,next week,last month}"
9579,40054,tongue,The doctor asked the patient to stick out his ___ and say 'ah'.,tongue,"{lip,chin,cheek}"
9580,40059,tonight,"It's too late to see the movie today, but the first showing ___ is at 7 p.m.",tonight,"{tomorrow,soon,yesterday}"
9582,40070,too,The box was ___ heavy for him to lift by himself.,too,"{so,very,really}"
9584,40087,top,"From the ___ of the mountain, they could see the entire valley spread out below them.",top,"{side,base,path}"
9585,40092,topic,The professor introduced a controversial ___ for today's discussion.,topic,"{conclusion,summary,answer}"
9588,40157,total,The damage from the fire was ___ and the building was declared beyond repair.,total,"{visible,structural,expensive}"
9592,40187,tour,"The band will ___ the country next year, playing shows in twelve different cities.",tour,"{visit,travel,see}"
9594,40190,tourist,The city welcomed ___ from all over the world during the summer festival.,tourists,"{immigrants,commuters,locals}"
9595,40194,tournament,The winning team from each region will advance to the national ___.,tournament,"{game,match,final}"
9596,40201,towards,The sunflowers in the field all turned ___ the rising sun.,towards,"{from,against,over}"
9598,40204,tower,The castle's tallest ___ served as a lookout point for sentries.,tower,"{wall,gate,dungeon}"
9599,40206,town,"It was larger than a village but not big enough to be called a city, a bustling ___ with a central market square.",town,"{suburb,metropolis,hamlet}"
9601,40233,toy,"For his birthday, he received an action figure and a model car to add to his ___ collection.",toy,"{game,book,vehicle}"
9603,40253,track,"Using the satellite collar, scientists were able to ___ the wolf's movements through the remote wilderness.",track,"{predict,guess,lose}"
9604,40267,trade,The two nations agreed to a ___ deal that would lower tariffs on agricultural products.,trade,"{contract,dispute,alliance}"
9607,40275,tradition,Passing the family recipe from mother to daughter is a cherished ___ that has lasted for generations.,tradition,"{habit,ceremony,secret}"
9608,40276,traditional,"She prefers ___ methods of cooking, using wood-fired ovens and hand-rolled dough.",traditional,"{authentic,complicated,original}"
9609,40282,traffic,The new highway was built to alleviate the heavy ___ on the old city roads.,traffic,"{travel,movement,congestion}"
9614,40300,train,The company will ___ its new employees on the updated software next week.,train,"{teach,educate,inform}"
9615,40303,trainer,"The dog ___ taught the puppy to sit, stay, and come when called.",trainer,"{owner,handler,specialist}"
9630,40452,transparent,"The manager appreciated the ___ nature of the financial report, which left no room for hidden fees or ambiguity.",transparent,"{detailed,thorough,accurate}"
9631,40462,transport,Heavy trucks are used to ___ goods from the warehouse to retail stores across the country.,transport,"{move,send,shift}"
9633,2888,trap,"Feeling ___ by the journalist's persistent questions, the politician struggled to give a straight answer.",trapped,"{annoyed,confused,questioned}"
9636,40502,travel,My job requires me to ___ frequently to different countries for international conferences.,travel,"{relocate,commute,wander}"
9639,40531,treat,The veterinarian ___ the injured rabbit with gentle care.,treated,"{cured,handled,observed}"
9640,40535,treatment,The antique table's special ___ involved applying several coats of oil to protect the wood.,treatment,"{repair,condition,style}"
9642,40538,tree,The old oak ___ in the backyard had a thick trunk and branches that were high enough for a swing.,tree,"{plant,bush,hedge}"
9644,40560,trend,Data analysis revealed a growing ___ of consumers choosing to shop online rather than in physical stores.,trend,"{decision,habit,preference}"
9650,40614,trick,He played a clever ___ on his friend by hiding his keys as a joke.,trick,"{game,lie,problem}"
9657,40714,troop,A ___ of monkeys was seen swinging through the high canopy of the jungle.,troop,"{flock,herd,pack}"
9660,40734,trouble,He got into ___ at school for talking during the exam.,trouble,"{danger,conflict,difficulty}"
9662,40747,trousers,"For the formal event, he wore a crisp shirt, a blazer, and a pair of pressed ___.",trousers,"{jeans,shorts,sweatpants}"
9663,40756,truck,The large eighteen-wheeler ___ hauled a full load of produce across the state.,truck,"{car,van,pickup}"
9664,40764,true,Her ___ love for the cause inspired many volunteers to join.,true,"{sudden,quiet,private}"
9665,40768,truly,The view from the mountaintop at sunrise was ___ breathtaking.,truly,"{very,almost,mostly}"
9666,40780,trust,"Building ___ is essential for a successful team, as members must rely on each other to do their part.",trust,"{friendship,agreement,morale}"
9668,40792,truth,"He was advised to tell the whole ___ in court, even if it was embarrassing.",truth,"{story,account,version}"
9669,40797,try,"Before buying the shirt, he went to the fitting room to ___ it on.",try,"{wear,fit,check}"
9671,40813,tube,She squeezed the last bit of toothpaste out of the ___.,tube,"{bottle,container,package}"
9673,40858,tune,The guitarist used an electronic device to ___ her instrument before the performance.,tune,"{play,adjust,tighten}"
9675,40881,turn,It's your ___ to roll the dice and move your piece on the board.,turn,"{chance,move,time}"
9678,40943,twelve,A standard egg carton is designed to hold ___ eggs.,twelve,"{six,ten,eighteen}"
9680,40948,twice,"I called his name once, but he didn't hear, so I had to call ___ in total.",twice,"{once,again,loudly}"
9681,40956,twin,"One of the two identical sisters was a scientist, while her ___ sister became an artist.",twin,"{younger,older,other}"
9682,40963,twist,"The author added a surprising ___ to the story in the final chapter, changing how readers saw the main character.",twist,"{ending,detail,problem}"
9684,40979,type,"She prefers a ___ of cheese that melts well, such as mozzarella or provolone.",type,"{piece,block,wheel}"
9685,40992,typical,Waking up at 6 a.m. and going for a run was a ___ part of her morning routine.,typical,"{difficult,relaxing,necessary}"
9688,41033,ugly,"The abandoned building was an ___ sight, with broken windows and crumbling walls.",ugly,"{unpleasant,unusual,uncommon}"
9692,41099,unable,"After the injury, the athlete was ___ to compete for the rest of the season.",unable,"{unwilling,unlikely,afraid}"
9694,41173,unbelievable,The team made an ___ comeback in the last minute to win the championship.,unbelievable,"{unexpected,unusual,unlucky}"
9697,41251,uncomfortable,He felt ___ discussing his personal feelings with people he barely knew.,uncomfortable,"{strange,anxious,annoyed}"
9698,41275,unconscious,"After being hit on the head, the boxer was ___ for several minutes.",unconscious,"{motionless,unresponsive,dazed}"
9702,41377,underground,Moles are small mammals that live ___ in complex tunnel systems.,underground,"{inside,nearby,deep}"
9706,41431,understand,"It took a while, but she finally began to ___ the complex mathematical theorem.",understand,"{realize,learn,accept}"
9707,41434,understanding,A deep ___ of the local culture is necessary to do business there successfully.,understanding,"{appreciation,knowledge,awareness}"
9708,41443,undertake,The explorers prepared to ___ a perilous journey into the uncharted jungle.,undertake,"{begin,initiate,start}"
9714,41584,unfair,It would be ___ to give the bonus only to senior staff while excluding newcomers.,unfair,"{illegal,unwise,impractical}"
9715,41619,unfold,"As the meeting progressed, the complex issue began to ___ before the committee.",unfold,"{collapse,escalate,intensify}"
9716,41630,unfortunate,It was ___ that the concert was canceled due to the thunderstorm.,unfortunate,"{inevitable,surprising,preventable}"
9717,41631,unfortunately,"___, the flight was delayed, causing us to miss our connection.",unfortunately,"{predictably,consequently,suddenly}"
9718,41657,unhappy,She felt ___ after hearing the news about the cancelled trip.,unhappy,"{confused,anxious,overwhelmed}"
9719,23245,uniform,"All the students wore ___ clothing to the ceremony, creating a cohesive appearance.",uniform,"{formal,expensive,traditional}"
9721,41742,union,The labor ___ negotiated better wages and benefits for its members.,union,"{company,committee,agency}"
9722,41754,unique,"Each handcrafted vase is ___, making it a special addition to any collection.",unique,"{delicate,colorful,valuable}"
9723,41761,unit,A centimeter is a standard ___ of length in the metric system.,unit,"{measure,portion,calculation}"
9724,41764,unite,The rally was organized to ___ citizens from different backgrounds around a common cause.,unite,"{inform,recruit,persuade}"
9727,41772,universal,The desire for happiness is an almost ___ human trait.,universal,"{important,debatable,noticeable}"
9729,41777,university,She received her doctorate from a prestigious ___ known for its research facilities.,university,"{corporation,library,laboratory}"
9730,41788,unknown,The ___ origin of the artifact puzzled the archaeologists for years.,unknown,"{ancient,disputed,documented}"
9732,41803,unlike,"___ her brother, who is very outgoing, she prefers quiet evenings at home.",unlike,"{regarding,with,besides}"
9735,41884,unpleasant,The ___ taste of the medicine made the children grimace.,unpleasant,"{familiar,strong,new}"
9738,42145,unusual,The chef's ___ flavor combination surprised even the most adventurous diners.,unusual,"{delicious,subtle,complex}"
9744,42211,upon,"Once ___ the throne, the new queen immediately addressed the people.",upon,"{near,beside,over}"
9746,42231,upset,He was visibly ___ by the referee's controversial decision.,upset,"{relieved,pleased,indifferent}"
9750,42284,urge,She felt a strong ___ to travel after seeing the photos.,urge,"{regret,memory,reluctance}"
9751,42286,urgent,"The doctor marked the test results as ___, requiring immediate attention.",urgent,"{confidential,positive,inconclusive}"
9753,42319,use,You should ___ protective gear when operating heavy machinery.,use,"{inspect,purchase,adjust}"
9754,42322,used,She bought a ___ car to save money.,used,"{reliable,foreign,compact}"
9755,42323,useful,The online tutorial proved ___ for beginners learning to code.,useful,"{long,basic,entertaining}"
9756,42326,useless,The broken screwdriver proved ___ for tightening the stubborn bolts.,useless,"{small,inappropriate,heavy}"
9757,42327,user,The new app attracted over ten thousand ___ within its first month.,users,"{developers,investors,critics}"
9758,42333,usual,He followed the ___ routine of jogging at dawn before work.,usual,"{comforting,demanding,healthy}"
9759,42334,usually,"She ___ drinks coffee in the morning, but today she had tea instead.",usually,"{never,always,sometimes}"
9765,42406,vague,Her explanation was so ___ that nobody understood the instructions.,vague,"{long,technical,complicated}"
9766,42428,valid,Your passport is no longer ___ because it expired last month.,valid,"{new,stolen,foreign}"
9768,42436,valley,The hikers descended into a deep ___ surrounded by towering cliffs.,valley,"{plateau,meadow,ridge}"
9769,42442,valuable,Her experience proved to be ___ during the crisis.,valuable,"{recent,unique,relevant}"
9770,42447,value,The antique vase has a high monetary ___ on the auction block.,value,"{history,condition,weight}"
9775,42505,variety,The farmer's market offered a wide ___ of fresh produce.,variety,"{amount,quality,selection}"
9776,42508,various,The museum displayed ___ artifacts from different eras.,various,"{ancient,priceless,historical}"
9778,42542,vast,The Sahara Desert covers a ___ expanse of sand and rock.,vast,"{flat,barren,sandy}"
9788,42690,version,The software's latest ___ includes a new security patch.,version,"{feature,license,bug}"
9791,42706,very,He wasn't just happy about the news; he was ___ happy.,very,"{much,so,too}"
9795,42738,via,"We flew from New York to Sydney ___ Los Angeles, stopping for only an hour.",via,"{among,upon,within}"
9798,42770,vice,"As the ___ president of the student council, she was second-in-command.",vice,"{head,former,junior}"
9802,42791,video,He recorded a short ___ on his phone that captured both the band's performance and the crowd's dancing.,video,"{sound,image,text}"
9803,42805,view,The hotel room was expensive primarily because it had an ocean ___.,view,"{look,glance,gaze}"
9804,42806,viewer,The television network surveyed the average ___ to see which new show was the most popular.,viewer,"{actor,writer,sponsor}"
9806,42826,village,"Unlike the bustling city, life in the small ___ was quiet and everyone knew their neighbors.",village,"{country,continent,capital}"
9807,42827,villager,The old ___ told stories of how the community was founded by his great-grandfather.,villager,"{tourist,commuter,official}"
9808,42857,violate,Publishing the private letters without permission would ___ the author's privacy.,violate,"{disturb,affect,question}"
9810,42860,violence,The movie was given a restrictive rating for its graphic scenes of ___ and bloodshed.,violence,"{disagreement,tension,drama}"
9811,42861,violent,He had a ___ temper and would often shout and throw things when he got angry.,violent,"{calm,shy,curious}"
9814,42893,virtue,"In many philosophies, honesty is considered a cardinal ___ that guides moral behavior.",virtue,"{flaw,habit,skill}"
9815,42903,virus,The computer technician warned that opening the suspicious email attachment could install a malicious ___ on my laptop.,virus,"{update,cookie,message}"
9816,42904,visa,"To work in a foreign country, he first had to obtain a special work ___, which was stamped inside his passport.",visa,"{ticket,badge,receipt}"
9820,42927,visitor,The hospital's new policy allowed only one ___ per patient during evening hours.,visitor,"{employee,doctor,volunteer}"
9821,42931,visual,"The presentation was filled with charts and graphs, providing a strong ___ aid to the spoken lecture.",visual,"{vocal,emotional,mental}"
9825,43002,voice,The singer had a powerful ___ that could be heard in the back of the hall without a microphone.,voice,"{song,style,breath}"
9828,43038,volunteer,"She decided to ___ at the animal shelter on weekends, walking dogs and cleaning cages for no pay.",volunteer,"{apply,accept,protest}"
9829,43057,vote,Citizens must be registered before they are allowed to ___ in a presidential election.,vote,"{run,argue,protest}"
9834,43105,wage,The minimum ___ in the city was raised to $15 per hour for all workers.,wage,"{pension,commission,income}"
9835,43124,wait,Please ___ for the light to turn green before you cross the street.,wait,"{check,run,leave}"
9836,43125,waiter,"After taking our order, the ___ brought us our drinks from the bar.",waiter,"{chef,manager,customer}"
9839,43149,wall,"He hung the new painting on the ___ of the living room, right above the sofa.",wall,"{ceiling,floor,door}"
9842,43176,war,"During the long and brutal ___, soldiers fought in trenches and civilians faced severe shortages.",war,"{election,debate,parade}"
9843,43179,ward,The hospital's pediatric ___ was brightly decorated with cartoon characters to make children feel more comfortable.,ward,"{office,lobby,cafeteria}"
9845,43185,warehouse,The online retailer stores its inventory in a massive ___ before shipping products to customers.,warehouse,"{store,kiosk,showroom}"
9847,43197,warm,She put on a thick sweater to stay ___ on the chilly autumn evening.,warm,"{hot,cool,frozen}"
9849,43205,warn,The signs explicitly ___ hikers not to drink the stream water without purifying it first due to potential bacteria.,warn,"{ask,remind,suggest}"
9850,43206,warning,"Despite the doctor's ___ about the health risks, he continued to eat junk food every day.",warning,"{question,compliment,story}"
9853,43228,wash,You should always ___ your hands with soap and water before preparing food.,wash,"{dry,wave,touch}"
9855,43245,waste,Leaving the lights on when no one is in the room will ___ electricity and increase your bill.,waste,"{create,save,generate}"
9859,43324,way,"Excuse me, could you tell me the ___ to the nearest train station?",way,"{map,reason,time}"
9862,43342,weakness,The hero's only ___ was a rare mineral that could drain his powers upon contact.,weakness,"{power,costume,secret}"
9866,43352,wear,"For safety, it is important to ___ a helmet whenever you ride a bicycle.",wear,"{hold,buy,forget}"
9867,43362,weather,"Because of the freezing ___, we had to cancel the outdoor picnic and stay inside.",weather,"{time,location,menu}"
9870,43385,website,She updated the company's ___ to include the latest product catalog and contact information.,website,"{application,database,spreadsheet}"
9871,43389,wedding,The couple invited friends and family to their ___ ceremony to witness them exchange vows.,wedding,"{graduation,anniversary,reunion}"
9873,43401,week,She takes a yoga class every ___ on Wednesday evening.,week,"{day,month,year}"
9874,43404,weekend,"After a long week of work, we plan to relax and hike during the ___.",weekend,"{holiday,meeting,conference}"
9876,43417,weigh,The scale will ___ the produce to determine its price per pound.,weigh,"{inspect,clean,sort}"
9877,43418,weight,The doctor advised him to monitor his ___ by using a scale every morning.,weight,"{height,pressure,diet}"
9879,43433,welcome,The host ___ the guests with a warm smile as they arrived.,welcomed,"{questioned,instructed,observed}"
9880,43439,welfare,The new policy provides financial aid and healthcare to improve the ___ of low-income families.,welfare,"{education,employment,housing}"
9881,43440,well,"Despite her nervousness, she performed ___ on the piano and impressed the judges.",well,"{poorly,loudly,quickly}"
9884,43468,wet,"After walking through the sprinklers, her clothes were completely ___.",wet,"{dry,new,torn}"
9886,43485,whatever,Order ___ you want from the menu; the company is paying for it.,whatever,"{whoever,wherever,whenever}"
9888,43489,wheat,The farmer harvested fields of golden ___ to be milled into all-purpose flour.,wheat,"{corn,rice,barley}"
9889,43494,wheel,"After getting a flat tire, the cyclist had to remove the entire ___ to fix it.",wheel,"{chain,pedal,frame}"
9895,43514,wherever,He has a talent for making friends ___ he goes in the world.,wherever,"{whatever,whenever,however}"
9896,43518,whether,The committee must decide ___ to fund the project or to wait for more data.,whether,"{why,how,that}"
9897,43520,which,"The old clock, ___ has been in our family for generations, suddenly stopped working.",which,"{that,who,what}"
9898,43524,while,"___ one brother enjoys quiet activities like reading, the other prefers loud concerts and parties.",While,"{Unless,Because,Therefore}"
9902,43552,whisper,She had to ___ the secret instructions so only her teammate could hear.,whisper,"{announce,recite,yell}"
9903,43560,white,The bride wore a traditional ___ gown that contrasted with the groom's black tuxedo.,white,"{long,silk,new}"
9912,43615,wide,The river was so ___ that it took nearly an hour to row to the other side.,wide,"{long,deep,calm}"
9918,43629,wife,"On their fiftieth wedding anniversary, the man gave a heartfelt speech about his beloved ___.",wife,"{mother,daughter,sister}"
9921,43655,will,"In his last ___, the millionaire left his entire fortune to charity.",will,"{diary,memoir,speech}"
9922,43661,willing,"She raised her hand immediately, showing she was ___ to help with the difficult task.",willing,"{reluctant,forced,hesitant}"
9924,43674,win,The home team celebrated wildly after they ___ the championship in the final second.,won,"{lost,forfeited,drew}"
9925,43677,wind,The strong ___ blew the leaves off the trees and knocked over the trash cans.,wind,"{rain,sun,snow}"
9926,43689,window,She opened the ___ to let in some fresh air and sunlight.,window,"{door,cabinet,drawer}"
9927,43706,windy,It was difficult to walk in a straight line because the weather was much ___ than we expected.,windier,"{sunnier,colder,drier}"
9932,43735,wipe,Could you please use a damp cloth to ___ the crumbs off the counter?,wipe,"{scrub,soak,rinse}"
9933,43738,wire,She used a thin piece of ___ to create the delicate frame for the sculpture.,wire,"{string,rope,chain}"
9934,43749,wisdom,"Drawing from decades of experience, the retiring CEO shared her hard-earned ___ with the young executives.",wisdom,"{fortune,secrets,prophecies}"
9935,43750,wise,"It was a ___ decision to book the tickets far in advance, as the price doubled closer to the date.",wise,"{quick,final,difficult}"
9936,43753,wish,"Closing his eyes as he blew out the birthday candles, the little boy ___ for a new puppy.",wished,"{asked,paid,looked}"
9938,43763,with,She handled the delicate negotiation ___ great skill and diplomacy.,with,"{from,about,for}"
9939,43764,withdraw,He had to ___ from the competition after tearing a muscle during warm-ups.,withdraw,"{triumph,recover,protest}"
9941,43773,within,All applications must be submitted ___ the next 48 hours to be considered for the position.,within,"{over,past,until}"
9942,43774,without,He somehow assembled the entire bookshelf ___ looking at the instructions once.,without,"{with,through,before}"
9943,43778,witness,The lawyer called the next ___ to the stand to testify about what they saw during the robbery.,witness,"{defendant,judge,clerk}"
9944,43810,woman,"As the first ___ to walk on the moon, the astronaut became a global inspiration.",woman,"{leader,pioneer,person}"
9945,43820,wonder,"Staring up at the vast, starry sky, she couldn't help but ___ if there was life on other planets.",wonder,"{decide,learn,forget}"
9946,43821,wonderful,"The view from the mountaintop was absolutely ___, leaving the hikers speechless.",wonderful,"{distant,high,unusual}"
9947,43829,wood,He gathered some dry ___ from the forest floor to start a campfire.,wood,"{leaves,stones,water}"
9948,43837,wooden,"The old pirate captain had a ___ leg, intricately carved from a single piece of oak.",wooden,"{strong,new,heavy}"
9950,43862,word,"For the spelling bee, each contestant had to correctly spell one ___ to advance to the next round.",word,"{letter,definition,syllable}"
9951,43873,work,She had to ___ all weekend to meet the critical deadline on Monday morning.,work,"{commute,socialize,exercise}"
9952,43882,worker,The factory owner gave a holiday bonus to every ___ who had been with the company for over a year.,worker,"{customer,shareholder,competitor}"
9953,43885,workforce,"The company's ___ expanded significantly after the merger, which added several hundred new employees.",workforce,"{revenue,headquarters,clientele}"
9956,43898,workplace,Promoting clear communication and mutual respect is essential for a healthy ___.,workplace,"{holiday,salary,commute}"
9958,43912,world,The fall of the Berlin Wall changed the political map of the ___.,world,"{continent,nation,hemisphere}"
9959,43917,worldwide,"With offices on every continent, the shipping company had a truly ___ reach.",worldwide,"{profitable,expensive,complex}"
9960,43918,worm,"After the rain, the robin pulled a long, wiggling ___ from the soft earth.",worm,"{seed,insect,root}"
9961,43924,worried,He was ___ that he might miss his flight due to the heavy traffic on the way to the airport.,worried,"{curious,tired,indifferent}"
9962,43929,worry,"Instead of enjoying the movie, she started to ___ that she had left the oven on at home.",worry,"{forget,celebrate,remember}"
9964,43931,worse,The traffic jam today is even ___ than it was yesterday; we've been stuck for an hour.,worse,"{lighter,faster,longer}"
9966,43938,worst,"Of all the movies I've seen this year, that horror film was the ___; I almost walked out because it was so bad.",worst,"{best,funniest,shortest}"
9967,43939,worth,"Despite the long hours, she felt the project was ___ the effort when she saw the final results.",worth,"{due,past,near}"
9968,43944,worthwhile,"The long hike to the waterfall proved to be a ___ journey, with breathtaking views as a reward.",worthwhile,"{brief,daily,difficult}"
9969,43945,worthy,Her dedication and courage made her a ___ recipient of the bravery award.,worthy,"{capable,known,proud}"
9970,43946,would,"When I was a child, my grandfather ___ always tell me stories about his adventures.",would,"{will,can,has}"
9971,43947,wound,The soldier received a deep ___ in his shoulder during the battle and was rushed to the medical tent.,wound,"{illness,headache,fatigue}"
9975,43996,write,Please ___ your name and address clearly in the space provided.,write,"{think,say,read}"
9977,44001,writing,His ___ was so illegible that the teacher couldn't decipher a single word he had put on the page.,writing,"{grammar,argument,research}"
9979,44003,wrong,He realized he had taken a ___ turn at the intersection and was now completely lost.,wrong,"{sharp,slow,sudden}"
9980,44070,yard,The homeowner spent all Saturday mowing the grass and pulling weeds in his front ___.,yard,"{park,garden,patio}"
9982,44095,yell,He had to ___ over the loud music just to be heard by the person standing next to him.,yell,"{announce,speak,instruct}"
9986,44110,yesterday,"The package I was expecting did not arrive ___, so I hope it comes today.",yesterday,"{tomorrow,next week,later}"
9987,44112,yet,"The guests are arriving in an hour, and I haven't even started cooking dinner ___.",yet,"{ago,before,soon}"
9990,44137,young,The ___ lion cubs stayed close to their mother for protection from predators.,young,"{fierce,adult,solitary}"
9995,44147,youth,"In his later years, he often looked back on the carefree days of his ___ with a sense of nostalgia.",youth,"{career,morning,journey}"
9996,44192,zero,"The temperature dropped to ten degrees below ___, causing the lake to freeze solid overnight.",zero,"{normal,average,boiling}"
9997,44220,zone,Drivers are required to slow down and be extra cautious when driving through a school ___.,zone,"{area,region,location}"
408,3647,bear,The ancient bridge was no longer strong enough to ___ the weight of heavy trucks.,bear,"{absorb,prevent,limit}"
484,4389,blind,"After the accident, the doctor confirmed he was permanently ___ in one eye.",blind,"{sore,weak,dizzy}"
4237,37299,standard,The parts are made to a ___ size to ensure they fit any model.,standard,"{single,special,correct}"
4305,37868,student,Each ___ in the history class was required to write a research paper on the French Revolution.,student,"{teacher,historian,citizen}"
4549,39757,throw,"He decided to ___ the ball as hard as he could, sending it flying over the fence.",throw,"{hold,drop,catch}"
5030,261,accompany,She asked her brother to ___ her to the concert so she wouldn’t have to go alone.,accompany,"{drive,remind,pay}"
5119,884,agency,She applied to a creative ___ known for designing award-winning advertising campaigns.,agency,"{university,corporation,factory}"
5425,3781,behave,"During the school trip, the students were expected to ___ respectfully and follow the rules.",behave,"{speak,listen,work}"
5426,3787,behaviour,"The teacher praised the student's excellent classroom ___, noting their attentiveness and cooperation.",behaviour,"{grades,attendance,uniform}"
5568,5149,build,They plan to ___ a new community center on the vacant lot near the school.,build,"{try,design,finance}"
5583,5303,business,"She started her own ___ selling handmade candles online, and it quickly became profitable.",business,"{hobby,charity,school}"
5679,6321,challenge,Climbing the highest peak in the region was a personal ___ she set for herself.,challenge,"{barrier,option,memory}"
5716,6553,chief,"As the ___ of the tribe, he was responsible for making important decisions for his people.",chief,"{member,assistant,worker}"
5772,7151,close,Please ___ the door behind you to keep the room warm.,close,"{lock,open,paint}"
5902,7970,conduct,The researcher will ___ a series of experiments to test the hypothesis.,conduct,"{cancel,publish,fund}"
8942,35147,segregate,"The law once ___ public schools by race, creating profound inequality.",segregated,"{united,funded,opened}"
9547,39757,throw,"She ___ the paper airplane, and it glided across the room.",threw,"{caught,folded,drew}"
9683,40971,two,"A bicycle has ___ wheels, while a tricycle has three.",two,"{one,four,many}"
